domain;variant;id;k;start;goal;nbtrees;mem;runtime;solver;version
roadmap;dimacs;0;1;883356;105386;1;1168.38;0.355739;SB*;v2.0-53-g98db238
roadmap;dimacs;1;1;149794;92632;1;1168.57;0.356599;SB*;v2.0-53-g98db238
roadmap;dimacs;2;1;623571;945900;1;1168.57;0.488513;SB*;v2.0-53-g98db238
roadmap;dimacs;3;1;294831;573571;1;1168.57;0.164969;SB*;v2.0-53-g98db238
roadmap;dimacs;4;1;936193;1006096;1;1168.57;0.36334;SB*;v2.0-53-g98db238
roadmap;dimacs;5;1;815886;19665;1;1168.57;0.292061;SB*;v2.0-53-g98db238
roadmap;dimacs;6;1;298849;646451;1;1168.57;0.430572;SB*;v2.0-53-g98db238
roadmap;dimacs;7;1;310391;1015181;1;1168.57;0.197351;SB*;v2.0-53-g98db238
roadmap;dimacs;8;1;868761;91493;1;1168.57;0.371423;SB*;v2.0-53-g98db238
roadmap;dimacs;9;1;890642;1062512;1;1168.57;0.408335;SB*;v2.0-53-g98db238
roadmap;dimacs;10;1;582136;473282;1;1168.57;0.492943;SB*;v2.0-53-g98db238
roadmap;dimacs;11;1;564482;405363;1;1168.57;0.439597;SB*;v2.0-53-g98db238
roadmap;dimacs;12;1;291936;838165;1;1168.57;0.371172;SB*;v2.0-53-g98db238
roadmap;dimacs;13;1;955479;136626;1;1168.57;0.277293;SB*;v2.0-53-g98db238
roadmap;dimacs;14;1;643325;1010122;1;1168.57;0.556448;SB*;v2.0-53-g98db238
roadmap;dimacs;15;1;456649;695270;1;1168.57;0.335044;SB*;v2.0-53-g98db238
roadmap;dimacs;16;1;978938;710219;1;1168.57;0.473445;SB*;v2.0-53-g98db238
roadmap;dimacs;17;1;875760;608511;1;1168.57;0.35605;SB*;v2.0-53-g98db238
roadmap;dimacs;18;1;821322;475213;1;1168.57;0.323254;SB*;v2.0-53-g98db238
roadmap;dimacs;19;1;690387;193137;1;1168.57;0.296454;SB*;v2.0-53-g98db238
roadmap;dimacs;20;1;1026795;530173;1;1168.57;0.483707;SB*;v2.0-53-g98db238
roadmap;dimacs;21;1;1013587;979915;1;1168.57;0.229115;SB*;v2.0-53-g98db238
roadmap;dimacs;22;1;344428;623929;1;1168.57;0.262048;SB*;v2.0-53-g98db238
roadmap;dimacs;23;1;1047069;734986;1;1168.57;0.440925;SB*;v2.0-53-g98db238
roadmap;dimacs;24;1;916282;284238;1;1168.57;0.526576;SB*;v2.0-53-g98db238
roadmap;dimacs;25;1;873798;670800;1;1168.57;0.189036;SB*;v2.0-53-g98db238
roadmap;dimacs;26;1;887865;489833;1;1168.57;0.277677;SB*;v2.0-53-g98db238
roadmap;dimacs;27;1;208817;287658;1;1168.57;0.101399;SB*;v2.0-53-g98db238
roadmap;dimacs;28;1;243713;720933;1;1168.57;0.386212;SB*;v2.0-53-g98db238
roadmap;dimacs;29;1;704466;104814;1;1168.57;0.200039;SB*;v2.0-53-g98db238
roadmap;dimacs;30;1;710104;785562;1;1168.57;0.142878;SB*;v2.0-53-g98db238
roadmap;dimacs;31;1;1026321;586782;1;1168.57;0.489013;SB*;v2.0-53-g98db238
roadmap;dimacs;32;1;206993;152843;1;1168.57;0.141034;SB*;v2.0-53-g98db238
roadmap;dimacs;33;1;845953;150468;1;1168.57;0.176683;SB*;v2.0-53-g98db238
roadmap;dimacs;34;1;693526;1020576;1;1168.57;0.261932;SB*;v2.0-53-g98db238
roadmap;dimacs;35;1;879213;783527;1;1168.57;0.243807;SB*;v2.0-53-g98db238
roadmap;dimacs;36;1;367499;724519;1;1168.57;0.26761;SB*;v2.0-53-g98db238
roadmap;dimacs;37;1;979339;55064;1;1168.57;0.482998;SB*;v2.0-53-g98db238
roadmap;dimacs;38;1;559162;220555;1;1168.57;0.372898;SB*;v2.0-53-g98db238
roadmap;dimacs;39;1;762591;343284;1;1168.57;0.359565;SB*;v2.0-53-g98db238
roadmap;dimacs;40;1;1044400;117480;1;1168.57;0.432853;SB*;v2.0-53-g98db238
roadmap;dimacs;41;1;363248;170298;1;1168.57;0.231385;SB*;v2.0-53-g98db238
roadmap;dimacs;42;1;1009437;144357;1;1168.57;0.308001;SB*;v2.0-53-g98db238
roadmap;dimacs;43;1;543673;860935;1;1168.57;0.25074;SB*;v2.0-53-g98db238
roadmap;dimacs;44;1;261055;180190;1;1168.57;0.519839;SB*;v2.0-53-g98db238
roadmap;dimacs;45;1;618550;765686;1;1168.57;0.511976;SB*;v2.0-53-g98db238
roadmap;dimacs;46;1;75381;791488;1;1168.57;0.438896;SB*;v2.0-53-g98db238
roadmap;dimacs;47;1;957081;528466;1;1168.57;0.0628424;SB*;v2.0-53-g98db238
roadmap;dimacs;48;1;730492;1045754;1;1168.57;0.460839;SB*;v2.0-53-g98db238
roadmap;dimacs;49;1;873454;405061;1;1168.57;0.150527;SB*;v2.0-53-g98db238
roadmap;dimacs;50;1;242881;280556;1;1168.57;0.152849;SB*;v2.0-53-g98db238
roadmap;dimacs;51;1;1018486;744416;1;1168.57;0.465908;SB*;v2.0-53-g98db238
roadmap;dimacs;52;1;458576;200599;1;1168.57;0.433091;SB*;v2.0-53-g98db238
roadmap;dimacs;53;1;283625;404396;1;1168.57;0.423526;SB*;v2.0-53-g98db238
roadmap;dimacs;54;1;1008244;454501;1;1168.57;0.363258;SB*;v2.0-53-g98db238
roadmap;dimacs;55;1;639856;761049;1;1168.57;0.43816;SB*;v2.0-53-g98db238
roadmap;dimacs;56;1;1065961;78609;1;1168.57;0.460551;SB*;v2.0-53-g98db238
roadmap;dimacs;57;1;145287;644094;1;1168.57;0.383287;SB*;v2.0-53-g98db238
roadmap;dimacs;58;1;499326;463575;1;1168.57;0.462701;SB*;v2.0-53-g98db238
roadmap;dimacs;59;1;42027;799520;1;1168.57;0.316899;SB*;v2.0-53-g98db238
roadmap;dimacs;60;1;875815;99474;1;1168.57;0.365869;SB*;v2.0-53-g98db238
roadmap;dimacs;61;1;841151;944170;1;1168.57;0.0812421;SB*;v2.0-53-g98db238
roadmap;dimacs;62;1;1008492;209637;1;1168.57;0.304761;SB*;v2.0-53-g98db238
roadmap;dimacs;63;1;576155;823564;1;1168.57;0.443363;SB*;v2.0-53-g98db238
roadmap;dimacs;64;1;803438;501581;1;1168.57;0.235117;SB*;v2.0-53-g98db238
roadmap;dimacs;65;1;820228;432046;1;1168.57;0.162864;SB*;v2.0-53-g98db238
roadmap;dimacs;66;1;523760;399722;1;1168.57;0.191235;SB*;v2.0-53-g98db238
roadmap;dimacs;67;1;340158;180797;1;1168.57;0.26509;SB*;v2.0-53-g98db238
roadmap;dimacs;68;1;81505;409710;1;1168.57;0.45686;SB*;v2.0-53-g98db238
roadmap;dimacs;69;1;281091;233813;1;1168.57;0.0976764;SB*;v2.0-53-g98db238
roadmap;dimacs;70;1;286191;713292;1;1168.57;0.109654;SB*;v2.0-53-g98db238
roadmap;dimacs;71;1;927103;450702;1;1168.57;0.0591493;SB*;v2.0-53-g98db238
roadmap;dimacs;72;1;399509;654693;1;1168.57;0.0509792;SB*;v2.0-53-g98db238
roadmap;dimacs;73;1;69391;916399;1;1168.57;0.370329;SB*;v2.0-53-g98db238
roadmap;dimacs;74;1;95369;29852;1;1168.57;0.473647;SB*;v2.0-53-g98db238
roadmap;dimacs;75;1;399899;58855;1;1168.57;0.517433;SB*;v2.0-53-g98db238
roadmap;dimacs;76;1;860874;76988;1;1168.57;0.19236;SB*;v2.0-53-g98db238
roadmap;dimacs;77;1;756021;168045;1;1168.57;0.428441;SB*;v2.0-53-g98db238
roadmap;dimacs;78;1;955341;203191;1;1168.57;0.247554;SB*;v2.0-53-g98db238
roadmap;dimacs;79;1;206250;889026;1;1168.57;0.181768;SB*;v2.0-53-g98db238
roadmap;dimacs;80;1;925527;539386;1;1168.57;0.309634;SB*;v2.0-53-g98db238
roadmap;dimacs;81;1;63851;893869;1;1168.57;0.0494001;SB*;v2.0-53-g98db238
roadmap;dimacs;82;1;829760;490849;1;1168.57;0.128187;SB*;v2.0-53-g98db238
roadmap;dimacs;83;1;745383;65573;1;1168.57;0.309208;SB*;v2.0-53-g98db238
roadmap;dimacs;84;1;660170;779974;1;1168.57;0.308176;SB*;v2.0-53-g98db238
roadmap;dimacs;85;1;617638;129056;1;1168.57;0.515535;SB*;v2.0-53-g98db238
roadmap;dimacs;86;1;911994;444759;1;1168.57;0.529788;SB*;v2.0-53-g98db238
roadmap;dimacs;87;1;10763;141032;1;1168.57;0.394067;SB*;v2.0-53-g98db238
roadmap;dimacs;88;1;410479;564107;1;1168.57;0.28978;SB*;v2.0-53-g98db238
roadmap;dimacs;89;1;662614;317257;1;1168.57;0.0334462;SB*;v2.0-53-g98db238
roadmap;dimacs;90;1;678985;821905;1;1168.57;0.164905;SB*;v2.0-53-g98db238
roadmap;dimacs;91;1;782289;952811;1;1168.57;0.205613;SB*;v2.0-53-g98db238
roadmap;dimacs;92;1;514457;779839;1;1168.57;0.0987893;SB*;v2.0-53-g98db238
roadmap;dimacs;93;1;1012706;632574;1;1168.57;0.300285;SB*;v2.0-53-g98db238
roadmap;dimacs;94;1;451563;498369;1;1168.57;0.435106;SB*;v2.0-53-g98db238
roadmap;dimacs;95;1;42793;792875;1;1168.57;0.283769;SB*;v2.0-53-g98db238
roadmap;dimacs;96;1;870793;417684;1;1168.57;0.206514;SB*;v2.0-53-g98db238
roadmap;dimacs;97;1;675683;967864;1;1168.57;0.103556;SB*;v2.0-53-g98db238
roadmap;dimacs;98;1;190012;547880;1;1168.57;0.40476;SB*;v2.0-53-g98db238
roadmap;dimacs;99;1;581175;726674;1;1168.57;0.0660785;SB*;v2.0-53-g98db238
roadmap;dimacs;0;5;883356;105386;1;1168.57;0.400261;SB*;v2.0-53-g98db238
roadmap;dimacs;1;5;149794;92632;1;1168.57;0.393338;SB*;v2.0-53-g98db238
roadmap;dimacs;2;5;623571;945900;1;1168.57;0.529038;SB*;v2.0-53-g98db238
roadmap;dimacs;3;5;294831;573571;1;1168.57;0.199144;SB*;v2.0-53-g98db238
roadmap;dimacs;4;5;936193;1006096;1;1168.57;0.395198;SB*;v2.0-53-g98db238
roadmap;dimacs;5;5;815886;19665;1;1168.57;0.325825;SB*;v2.0-53-g98db238
roadmap;dimacs;6;5;298849;646451;1;1168.57;0.472379;SB*;v2.0-53-g98db238
roadmap;dimacs;7;5;310391;1015181;1;1168.57;0.227795;SB*;v2.0-53-g98db238
roadmap;dimacs;8;5;868761;91493;1;1168.57;0.413102;SB*;v2.0-53-g98db238
roadmap;dimacs;9;5;890642;1062512;5;1168.57;1.27546;SB*;v2.0-53-g98db238
roadmap;dimacs;10;5;582136;473282;1;1168.57;0.536043;SB*;v2.0-53-g98db238
roadmap;dimacs;11;5;564482;405363;5;1168.57;1.28295;SB*;v2.0-53-g98db238
roadmap;dimacs;12;5;291936;838165;1;1168.57;0.419663;SB*;v2.0-53-g98db238
roadmap;dimacs;13;5;955479;136626;1;1168.57;0.315303;SB*;v2.0-53-g98db238
roadmap;dimacs;14;5;643325;1010122;3;1168.57;0.622629;SB*;v2.0-53-g98db238
roadmap;dimacs;15;5;456649;695270;1;1168.57;0.370963;SB*;v2.0-53-g98db238
roadmap;dimacs;16;5;978938;710219;2;1168.57;0.519101;SB*;v2.0-53-g98db238
roadmap;dimacs;17;5;875760;608511;1;1168.57;0.396328;SB*;v2.0-53-g98db238
roadmap;dimacs;18;5;821322;475213;1;1168.57;0.361031;SB*;v2.0-53-g98db238
roadmap;dimacs;19;5;690387;193137;1;1168.57;0.333558;SB*;v2.0-53-g98db238
roadmap;dimacs;20;5;1026795;530173;1;1168.57;0.520628;SB*;v2.0-53-g98db238
roadmap;dimacs;21;5;1013587;979915;1;1168.57;0.264332;SB*;v2.0-53-g98db238
roadmap;dimacs;22;5;344428;623929;1;1168.57;0.294513;SB*;v2.0-53-g98db238
roadmap;dimacs;23;5;1047069;734986;1;1168.57;0.481481;SB*;v2.0-53-g98db238
roadmap;dimacs;24;5;916282;284238;1;1168.57;0.564349;SB*;v2.0-53-g98db238
roadmap;dimacs;25;5;873798;670800;1;1168.57;0.221372;SB*;v2.0-53-g98db238
roadmap;dimacs;26;5;887865;489833;1;1168.57;0.310078;SB*;v2.0-53-g98db238
roadmap;dimacs;27;5;208817;287658;1;1168.57;0.131571;SB*;v2.0-53-g98db238
roadmap;dimacs;28;5;243713;720933;1;1168.57;0.429323;SB*;v2.0-53-g98db238
roadmap;dimacs;29;5;704466;104814;1;1168.57;0.22701;SB*;v2.0-53-g98db238
roadmap;dimacs;30;5;710104;785562;1;1168.57;0.177541;SB*;v2.0-53-g98db238
roadmap;dimacs;31;5;1026321;586782;1;1168.57;0.573161;SB*;v2.0-53-g98db238
roadmap;dimacs;32;5;206993;152843;1;1168.57;0.17374;SB*;v2.0-53-g98db238
roadmap;dimacs;33;5;845953;150468;1;1168.57;0.207153;SB*;v2.0-53-g98db238
roadmap;dimacs;34;5;693526;1020576;1;1168.57;0.297617;SB*;v2.0-53-g98db238
roadmap;dimacs;35;5;879213;783527;1;1168.57;0.281951;SB*;v2.0-53-g98db238
roadmap;dimacs;36;5;367499;724519;1;1168.57;0.302302;SB*;v2.0-53-g98db238
roadmap;dimacs;37;5;979339;55064;4;1168.57;0.54575;SB*;v2.0-53-g98db238
roadmap;dimacs;38;5;559162;220555;1;1168.57;0.414861;SB*;v2.0-53-g98db238
roadmap;dimacs;39;5;762591;343284;1;1168.57;0.394081;SB*;v2.0-53-g98db238
roadmap;dimacs;40;5;1044400;117480;1;1168.57;0.469708;SB*;v2.0-53-g98db238
roadmap;dimacs;41;5;363248;170298;1;1168.57;0.268431;SB*;v2.0-53-g98db238
roadmap;dimacs;42;5;1009437;144357;1;1168.57;0.347079;SB*;v2.0-53-g98db238
roadmap;dimacs;43;5;543673;860935;1;1168.57;0.285506;SB*;v2.0-53-g98db238
roadmap;dimacs;44;5;261055;180190;1;1168.57;0.568598;SB*;v2.0-53-g98db238
roadmap;dimacs;45;5;618550;765686;1;1168.57;0.533696;SB*;v2.0-53-g98db238
roadmap;dimacs;46;5;75381;791488;1;1168.57;0.48256;SB*;v2.0-53-g98db238
roadmap;dimacs;47;5;957081;528466;1;1168.57;0.0949379;SB*;v2.0-53-g98db238
roadmap;dimacs;48;5;730492;1045754;1;1168.57;0.481793;SB*;v2.0-53-g98db238
roadmap;dimacs;49;5;873454;405061;1;1168.57;0.187545;SB*;v2.0-53-g98db238
roadmap;dimacs;50;5;242881;280556;1;1168.57;0.189058;SB*;v2.0-53-g98db238
roadmap;dimacs;51;5;1018486;744416;2;1168.57;0.515587;SB*;v2.0-53-g98db238
roadmap;dimacs;52;5;458576;200599;1;1168.57;0.475137;SB*;v2.0-53-g98db238
roadmap;dimacs;53;5;283625;404396;5;1168.57;0.560847;SB*;v2.0-53-g98db238
roadmap;dimacs;54;5;1008244;454501;1;1168.57;0.402033;SB*;v2.0-53-g98db238
roadmap;dimacs;55;5;639856;761049;1;1168.57;0.477196;SB*;v2.0-53-g98db238
roadmap;dimacs;56;5;1065961;78609;1;1168.57;0.500785;SB*;v2.0-53-g98db238
roadmap;dimacs;57;5;145287;644094;1;1168.57;0.452851;SB*;v2.0-53-g98db238
roadmap;dimacs;58;5;499326;463575;2;1168.57;0.587216;SB*;v2.0-53-g98db238
roadmap;dimacs;59;5;42027;799520;1;1168.57;0.346322;SB*;v2.0-53-g98db238
roadmap;dimacs;60;5;875815;99474;1;1168.57;0.405079;SB*;v2.0-53-g98db238
roadmap;dimacs;61;5;841151;944170;3;1168.57;1.07594;SB*;v2.0-53-g98db238
roadmap;dimacs;62;5;1008492;209637;1;1168.57;0.342595;SB*;v2.0-53-g98db238
roadmap;dimacs;63;5;576155;823564;1;1168.57;0.482088;SB*;v2.0-53-g98db238
roadmap;dimacs;64;5;803438;501581;1;1168.57;0.272382;SB*;v2.0-53-g98db238
roadmap;dimacs;65;5;820228;432046;1;1168.57;0.20094;SB*;v2.0-53-g98db238
roadmap;dimacs;66;5;523760;399722;4;1168.57;0.624225;SB*;v2.0-53-g98db238
roadmap;dimacs;67;5;340158;180797;1;1168.57;0.305242;SB*;v2.0-53-g98db238
roadmap;dimacs;68;5;81505;409710;1;1168.57;0.49722;SB*;v2.0-53-g98db238
roadmap;dimacs;69;5;281091;233813;2;1168.57;0.608587;SB*;v2.0-53-g98db238
roadmap;dimacs;70;5;286191;713292;1;1168.57;0.143904;SB*;v2.0-53-g98db238
roadmap;dimacs;71;5;927103;450702;1;1168.57;0.0920483;SB*;v2.0-53-g98db238
roadmap;dimacs;72;5;399509;654693;1;1168.57;0.0815133;SB*;v2.0-53-g98db238
roadmap;dimacs;73;5;69391;916399;2;1168.57;0.437996;SB*;v2.0-53-g98db238
roadmap;dimacs;74;5;95369;29852;1;1168.57;0.517487;SB*;v2.0-53-g98db238
roadmap;dimacs;75;5;399899;58855;2;1168.57;0.581203;SB*;v2.0-53-g98db238
roadmap;dimacs;76;5;860874;76988;1;1168.57;0.218207;SB*;v2.0-53-g98db238
roadmap;dimacs;77;5;756021;168045;1;1168.57;0.469843;SB*;v2.0-53-g98db238
roadmap;dimacs;78;5;955341;203191;1;1168.57;0.285965;SB*;v2.0-53-g98db238
roadmap;dimacs;79;5;206250;889026;3;1168.57;1.02424;SB*;v2.0-53-g98db238
roadmap;dimacs;80;5;925527;539386;1;1168.57;0.357185;SB*;v2.0-53-g98db238
roadmap;dimacs;81;5;63851;893869;1;1168.57;0.0807679;SB*;v2.0-53-g98db238
roadmap;dimacs;82;5;829760;490849;2;1168.57;0.177275;SB*;v2.0-53-g98db238
roadmap;dimacs;83;5;745383;65573;1;1168.57;0.349712;SB*;v2.0-53-g98db238
roadmap;dimacs;84;5;660170;779974;1;1168.57;0.350356;SB*;v2.0-53-g98db238
roadmap;dimacs;85;5;617638;129056;1;1168.57;0.56912;SB*;v2.0-53-g98db238
roadmap;dimacs;86;5;911994;444759;1;1168.57;0.573057;SB*;v2.0-53-g98db238
roadmap;dimacs;87;5;10763;141032;1;1168.57;0.439828;SB*;v2.0-53-g98db238
roadmap;dimacs;88;5;410479;564107;1;1168.57;0.330767;SB*;v2.0-53-g98db238
roadmap;dimacs;89;5;662614;317257;1;1168.57;0.0642118;SB*;v2.0-53-g98db238
roadmap;dimacs;90;5;678985;821905;1;1168.57;0.200323;SB*;v2.0-53-g98db238
roadmap;dimacs;91;5;782289;952811;1;1168.57;0.24313;SB*;v2.0-53-g98db238
roadmap;dimacs;92;5;514457;779839;1;1168.57;0.132335;SB*;v2.0-53-g98db238
roadmap;dimacs;93;5;1012706;632574;1;1168.57;0.343338;SB*;v2.0-53-g98db238
roadmap;dimacs;94;5;451563;498369;1;1168.57;0.480149;SB*;v2.0-53-g98db238
roadmap;dimacs;95;5;42793;792875;1;1168.57;0.323826;SB*;v2.0-53-g98db238
roadmap;dimacs;96;5;870793;417684;1;1168.57;0.242935;SB*;v2.0-53-g98db238
roadmap;dimacs;97;5;675683;967864;1;1168.57;0.140377;SB*;v2.0-53-g98db238
roadmap;dimacs;98;5;190012;547880;1;1168.57;0.450657;SB*;v2.0-53-g98db238
roadmap;dimacs;99;5;581175;726674;1;1168.57;0.0980075;SB*;v2.0-53-g98db238
roadmap;dimacs;0;10;883356;105386;1;1168.57;0.457427;SB*;v2.0-53-g98db238
roadmap;dimacs;1;10;149794;92632;1;1168.57;0.43833;SB*;v2.0-53-g98db238
roadmap;dimacs;2;10;623571;945900;1;1168.57;0.580566;SB*;v2.0-53-g98db238
roadmap;dimacs;3;10;294831;573571;1;1168.57;0.240866;SB*;v2.0-53-g98db238
roadmap;dimacs;4;10;936193;1006096;1;1168.57;0.44956;SB*;v2.0-53-g98db238
roadmap;dimacs;5;10;815886;19665;1;1168.57;0.371295;SB*;v2.0-53-g98db238
roadmap;dimacs;6;10;298849;646451;1;1168.57;0.521232;SB*;v2.0-53-g98db238
roadmap;dimacs;7;10;310391;1015181;1;1168.57;0.271339;SB*;v2.0-53-g98db238
roadmap;dimacs;8;10;868761;91493;1;1168.57;0.465022;SB*;v2.0-53-g98db238
roadmap;dimacs;9;10;890642;1062512;6;1168.57;1.53002;SB*;v2.0-53-g98db238
roadmap;dimacs;10;10;582136;473282;1;1168.57;0.593602;SB*;v2.0-53-g98db238
roadmap;dimacs;11;10;564482;405363;6;1168.57;1.52458;SB*;v2.0-53-g98db238
roadmap;dimacs;12;10;291936;838165;1;1168.57;0.455459;SB*;v2.0-53-g98db238
roadmap;dimacs;13;10;955479;136626;1;1168.57;0.365029;SB*;v2.0-53-g98db238
roadmap;dimacs;14;10;643325;1010122;5;1168.57;0.732692;SB*;v2.0-53-g98db238
roadmap;dimacs;15;10;456649;695270;1;1168.57;0.414022;SB*;v2.0-53-g98db238
roadmap;dimacs;16;10;978938;710219;3;1168.57;0.581345;SB*;v2.0-53-g98db238
roadmap;dimacs;17;10;875760;608511;1;1168.57;0.445034;SB*;v2.0-53-g98db238
roadmap;dimacs;18;10;821322;475213;1;1168.57;0.414197;SB*;v2.0-53-g98db238
roadmap;dimacs;19;10;690387;193137;1;1168.57;0.380547;SB*;v2.0-53-g98db238
roadmap;dimacs;20;10;1026795;530173;5;1168.57;0.649144;SB*;v2.0-53-g98db238
roadmap;dimacs;21;10;1013587;979915;9;1168.57;0.362524;SB*;v2.0-53-g98db238
roadmap;dimacs;22;10;344428;623929;1;1168.57;0.335991;SB*;v2.0-53-g98db238
roadmap;dimacs;23;10;1047069;734986;1;1168.57;0.536444;SB*;v2.0-53-g98db238
roadmap;dimacs;24;10;916282;284238;1;1168.57;0.616707;SB*;v2.0-53-g98db238
roadmap;dimacs;25;10;873798;670800;1;1168.57;0.292;SB*;v2.0-53-g98db238
roadmap;dimacs;26;10;887865;489833;1;1168.57;0.357625;SB*;v2.0-53-g98db238
roadmap;dimacs;27;10;208817;287658;1;1168.57;0.172515;SB*;v2.0-53-g98db238
roadmap;dimacs;28;10;243713;720933;1;1168.57;0.486155;SB*;v2.0-53-g98db238
roadmap;dimacs;29;10;704466;104814;1;1168.57;0.268104;SB*;v2.0-53-g98db238
roadmap;dimacs;30;10;710104;785562;1;1168.57;0.216336;SB*;v2.0-53-g98db238
roadmap;dimacs;31;10;1026321;586782;4;1168.57;0.646916;SB*;v2.0-53-g98db238
roadmap;dimacs;32;10;206993;152843;6;1168.57;1.07825;SB*;v2.0-53-g98db238
roadmap;dimacs;33;10;845953;150468;1;1168.57;0.249075;SB*;v2.0-53-g98db238
roadmap;dimacs;34;10;693526;1020576;2;1168.57;0.358341;SB*;v2.0-53-g98db238
roadmap;dimacs;35;10;879213;783527;1;1168.57;0.322173;SB*;v2.0-53-g98db238
roadmap;dimacs;36;10;367499;724519;1;1168.57;0.352471;SB*;v2.0-53-g98db238
roadmap;dimacs;37;10;979339;55064;6;1168.57;0.834962;SB*;v2.0-53-g98db238
roadmap;dimacs;38;10;559162;220555;1;1168.57;0.454863;SB*;v2.0-53-g98db238
roadmap;dimacs;39;10;762591;343284;1;1168.57;0.449289;SB*;v2.0-53-g98db238
roadmap;dimacs;40;10;1044400;117480;1;1168.57;0.531129;SB*;v2.0-53-g98db238
roadmap;dimacs;41;10;363248;170298;1;1168.57;0.315324;SB*;v2.0-53-g98db238
roadmap;dimacs;42;10;1009437;144357;1;1168.57;0.394488;SB*;v2.0-53-g98db238
roadmap;dimacs;43;10;543673;860935;1;1168.57;0.329305;SB*;v2.0-53-g98db238
roadmap;dimacs;44;10;261055;180190;1;1168.57;0.629064;SB*;v2.0-53-g98db238
roadmap;dimacs;45;10;618550;765686;1;1168.57;0.578808;SB*;v2.0-53-g98db238
roadmap;dimacs;46;10;75381;791488;1;1168.57;0.528947;SB*;v2.0-53-g98db238
roadmap;dimacs;47;10;957081;528466;1;1168.57;0.121878;SB*;v2.0-53-g98db238
roadmap;dimacs;48;10;730492;1045754;1;1168.57;0.534687;SB*;v2.0-53-g98db238
roadmap;dimacs;49;10;873454;405061;5;1168.57;0.262751;SB*;v2.0-53-g98db238
roadmap;dimacs;50;10;242881;280556;2;1168.57;0.243773;SB*;v2.0-53-g98db238
roadmap;dimacs;51;10;1018486;744416;2;1168.57;0.567395;SB*;v2.0-53-g98db238
roadmap;dimacs;52;10;458576;200599;1;1168.57;0.526464;SB*;v2.0-53-g98db238
roadmap;dimacs;53;10;283625;404396;9;1168.57;0.715302;SB*;v2.0-53-g98db238
roadmap;dimacs;54;10;1008244;454501;1;1168.57;0.452453;SB*;v2.0-53-g98db238
roadmap;dimacs;55;10;639856;761049;1;1168.57;0.525439;SB*;v2.0-53-g98db238
roadmap;dimacs;56;10;1065961;78609;1;1168.57;0.553129;SB*;v2.0-53-g98db238
roadmap;dimacs;57;10;145287;644094;1;1168.57;0.488558;SB*;v2.0-53-g98db238
roadmap;dimacs;58;10;499326;463575;2;1168.57;0.640057;SB*;v2.0-53-g98db238
roadmap;dimacs;59;10;42027;799520;1;1168.57;0.396035;SB*;v2.0-53-g98db238
roadmap;dimacs;60;10;875815;99474;1;1168.57;0.450446;SB*;v2.0-53-g98db238
roadmap;dimacs;61;10;841151;944170;5;1168.57;2.07562;SB*;v2.0-53-g98db238
roadmap;dimacs;62;10;1008492;209637;2;1168.57;0.397286;SB*;v2.0-53-g98db238
roadmap;dimacs;63;10;576155;823564;1;1168.57;0.532963;SB*;v2.0-53-g98db238
roadmap;dimacs;64;10;803438;501581;1;1168.57;0.316658;SB*;v2.0-53-g98db238
roadmap;dimacs;65;10;820228;432046;1;1168.57;0.236481;SB*;v2.0-53-g98db238
roadmap;dimacs;66;10;523760;399722;7;1168.57;0.711969;SB*;v2.0-53-g98db238
roadmap;dimacs;67;10;340158;180797;1;1168.57;0.35157;SB*;v2.0-53-g98db238
roadmap;dimacs;68;10;81505;409710;1;1168.57;0.54232;SB*;v2.0-53-g98db238
roadmap;dimacs;69;10;281091;233813;4;1168.57;1.61899;SB*;v2.0-53-g98db238
roadmap;dimacs;70;10;286191;713292;1;1168.57;0.185573;SB*;v2.0-53-g98db238
roadmap;dimacs;71;10;927103;450702;1;1168.57;0.13708;SB*;v2.0-53-g98db238
roadmap;dimacs;72;10;399509;654693;1;1168.57;0.119174;SB*;v2.0-53-g98db238
roadmap;dimacs;73;10;69391;916399;3;1168.57;0.512904;SB*;v2.0-53-g98db238
roadmap;dimacs;74;10;95369;29852;4;1168.57;0.686038;SB*;v2.0-53-g98db238
roadmap;dimacs;75;10;399899;58855;3;1168.57;0.651854;SB*;v2.0-53-g98db238
roadmap;dimacs;76;10;860874;76988;1;1168.57;0.25874;SB*;v2.0-53-g98db238
roadmap;dimacs;77;10;756021;168045;1;1168.57;0.51711;SB*;v2.0-53-g98db238
roadmap;dimacs;78;10;955341;203191;1;1168.57;0.326643;SB*;v2.0-53-g98db238
roadmap;dimacs;79;10;206250;889026;30;1740.21;5.88264;SB*;v2.0-53-g98db238
roadmap;dimacs;80;10;925527;539386;2;1168.8;0.65475;SB*;v2.0-53-g98db238
roadmap;dimacs;81;10;63851;893869;1;1168.8;0.121989;SB*;v2.0-53-g98db238
roadmap;dimacs;82;10;829760;490849;2;1168.8;0.213783;SB*;v2.0-53-g98db238
roadmap;dimacs;83;10;745383;65573;1;1168.8;0.398814;SB*;v2.0-53-g98db238
roadmap;dimacs;84;10;660170;779974;1;1168.8;0.395014;SB*;v2.0-53-g98db238
roadmap;dimacs;85;10;617638;129056;1;1168.8;0.628717;SB*;v2.0-53-g98db238
roadmap;dimacs;86;10;911994;444759;1;1168.8;0.618452;SB*;v2.0-53-g98db238
roadmap;dimacs;87;10;10763;141032;1;1168.8;0.484168;SB*;v2.0-53-g98db238
roadmap;dimacs;88;10;410479;564107;1;1168.8;0.374144;SB*;v2.0-53-g98db238
roadmap;dimacs;89;10;662614;317257;1;1168.8;0.0981048;SB*;v2.0-53-g98db238
roadmap;dimacs;90;10;678985;821905;1;1168.8;0.243419;SB*;v2.0-53-g98db238
roadmap;dimacs;91;10;782289;952811;8;1168.8;1.78439;SB*;v2.0-53-g98db238
roadmap;dimacs;92;10;514457;779839;4;1168.8;0.6523;SB*;v2.0-53-g98db238
roadmap;dimacs;93;10;1012706;632574;1;1168.8;0.389323;SB*;v2.0-53-g98db238
roadmap;dimacs;94;10;451563;498369;1;1168.8;0.553334;SB*;v2.0-53-g98db238
roadmap;dimacs;95;10;42793;792875;1;1168.8;0.369844;SB*;v2.0-53-g98db238
roadmap;dimacs;96;10;870793;417684;1;1168.8;0.2827;SB*;v2.0-53-g98db238
roadmap;dimacs;97;10;675683;967864;1;1168.8;0.181189;SB*;v2.0-53-g98db238
roadmap;dimacs;98;10;190012;547880;1;1168.8;0.500426;SB*;v2.0-53-g98db238
roadmap;dimacs;99;10;581175;726674;1;1168.8;0.138191;SB*;v2.0-53-g98db238
roadmap;dimacs;0;20;883356;105386;1;1168.8;0.555505;SB*;v2.0-53-g98db238
roadmap;dimacs;1;20;149794;92632;1;1168.8;0.529142;SB*;v2.0-53-g98db238
roadmap;dimacs;2;20;623571;945900;1;1168.8;0.662977;SB*;v2.0-53-g98db238
roadmap;dimacs;3;20;294831;573571;1;1168.8;0.320521;SB*;v2.0-53-g98db238
roadmap;dimacs;4;20;936193;1006096;1;1168.8;0.529712;SB*;v2.0-53-g98db238
roadmap;dimacs;5;20;815886;19665;1;1168.8;0.455654;SB*;v2.0-53-g98db238
roadmap;dimacs;6;20;298849;646451;1;1168.8;0.606888;SB*;v2.0-53-g98db238
roadmap;dimacs;7;20;310391;1015181;3;1168.8;0.404068;SB*;v2.0-53-g98db238
roadmap;dimacs;8;20;868761;91493;1;1168.8;0.564517;SB*;v2.0-53-g98db238
roadmap;dimacs;9;20;890642;1062512;14;1290.71;3.09554;SB*;v2.0-53-g98db238
roadmap;dimacs;10;20;582136;473282;1;1168.8;0.685976;SB*;v2.0-53-g98db238
roadmap;dimacs;11;20;564482;405363;13;1263.26;2.85336;SB*;v2.0-53-g98db238
roadmap;dimacs;12;20;291936;838165;1;1168.8;0.540225;SB*;v2.0-53-g98db238
roadmap;dimacs;13;20;955479;136626;1;1168.8;0.451844;SB*;v2.0-53-g98db238
roadmap;dimacs;14;20;643325;1010122;9;1168.8;0.949726;SB*;v2.0-53-g98db238
roadmap;dimacs;15;20;456649;695270;1;1168.8;0.505594;SB*;v2.0-53-g98db238
roadmap;dimacs;16;20;978938;710219;5;1168.8;0.676955;SB*;v2.0-53-g98db238
roadmap;dimacs;17;20;875760;608511;1;1168.8;0.524248;SB*;v2.0-53-g98db238
roadmap;dimacs;18;20;821322;475213;3;1168.8;0.528772;SB*;v2.0-53-g98db238
roadmap;dimacs;19;20;690387;193137;1;1168.8;0.459882;SB*;v2.0-53-g98db238
roadmap;dimacs;20;20;1026795;530173;5;1168.8;0.737075;SB*;v2.0-53-g98db238
roadmap;dimacs;21;20;1013587;979915;15;1317.71;0.522264;SB*;v2.0-53-g98db238
roadmap;dimacs;22;20;344428;623929;1;1232.09;0.430336;SB*;v2.0-53-g98db238
roadmap;dimacs;23;20;1047069;734986;1;1232.09;0.613174;SB*;v2.0-53-g98db238
roadmap;dimacs;24;20;916282;284238;1;1232.09;0.722059;SB*;v2.0-53-g98db238
roadmap;dimacs;25;20;873798;670800;5;1232.09;0.393509;SB*;v2.0-53-g98db238
roadmap;dimacs;26;20;887865;489833;1;1232.09;0.437071;SB*;v2.0-53-g98db238
roadmap;dimacs;27;20;208817;287658;1;1232.09;0.248004;SB*;v2.0-53-g98db238
roadmap;dimacs;28;20;243713;720933;1;1232.09;0.597394;SB*;v2.0-53-g98db238
roadmap;dimacs;29;20;704466;104814;1;1232.09;0.346245;SB*;v2.0-53-g98db238
roadmap;dimacs;30;20;710104;785562;1;1232.09;0.295002;SB*;v2.0-53-g98db238
roadmap;dimacs;31;20;1026321;586782;5;1232.09;0.759088;SB*;v2.0-53-g98db238
roadmap;dimacs;32;20;206993;152843;9;1232.09;2.00403;SB*;v2.0-53-g98db238
roadmap;dimacs;33;20;845953;150468;1;1232.09;0.329778;SB*;v2.0-53-g98db238
roadmap;dimacs;34;20;693526;1020576;2;1232.09;0.440094;SB*;v2.0-53-g98db238
roadmap;dimacs;35;20;879213;783527;1;1232.09;0.425792;SB*;v2.0-53-g98db238
roadmap;dimacs;36;20;367499;724519;1;1232.09;0.434093;SB*;v2.0-53-g98db238
roadmap;dimacs;37;20;979339;55064;14;1291.18;1.1179;SB*;v2.0-53-g98db238
roadmap;dimacs;38;20;559162;220555;1;1176.96;0.544748;SB*;v2.0-53-g98db238
roadmap;dimacs;39;20;762591;343284;1;1176.96;0.525395;SB*;v2.0-53-g98db238
roadmap;dimacs;40;20;1044400;117480;1;1176.96;0.649321;SB*;v2.0-53-g98db238
roadmap;dimacs;41;20;363248;170298;1;1176.96;0.40258;SB*;v2.0-53-g98db238
roadmap;dimacs;42;20;1009437;144357;1;1176.96;0.489953;SB*;v2.0-53-g98db238
roadmap;dimacs;43;20;543673;860935;1;1176.96;0.413219;SB*;v2.0-53-g98db238
roadmap;dimacs;44;20;261055;180190;1;1176.96;0.723056;SB*;v2.0-53-g98db238
roadmap;dimacs;45;20;618550;765686;1;1176.96;0.680914;SB*;v2.0-53-g98db238
roadmap;dimacs;46;20;75381;791488;1;1176.96;0.62628;SB*;v2.0-53-g98db238
roadmap;dimacs;47;20;957081;528466;1;1176.96;0.205028;SB*;v2.0-53-g98db238
roadmap;dimacs;48;20;730492;1045754;1;1176.96;0.620646;SB*;v2.0-53-g98db238
roadmap;dimacs;49;20;873454;405061;15;1319.64;1.61667;SB*;v2.0-53-g98db238
roadmap;dimacs;50;20;242881;280556;2;1168.8;0.330744;SB*;v2.0-53-g98db238
roadmap;dimacs;51;20;1018486;744416;2;1168.8;0.659543;SB*;v2.0-53-g98db238
roadmap;dimacs;52;20;458576;200599;1;1168.8;0.615054;SB*;v2.0-53-g98db238
roadmap;dimacs;53;20;283625;404396;20;1464.27;1.59931;SB*;v2.0-53-g98db238
roadmap;dimacs;54;20;1008244;454501;1;1176.96;0.511271;SB*;v2.0-53-g98db238
roadmap;dimacs;55;20;639856;761049;1;1176.96;0.64361;SB*;v2.0-53-g98db238
roadmap;dimacs;56;20;1065961;78609;1;1176.96;0.6428;SB*;v2.0-53-g98db238
roadmap;dimacs;57;20;145287;644094;1;1176.96;0.600434;SB*;v2.0-53-g98db238
roadmap;dimacs;58;20;499326;463575;2;1176.96;0.742262;SB*;v2.0-53-g98db238
roadmap;dimacs;59;20;42027;799520;3;1176.96;1.10155;SB*;v2.0-53-g98db238
roadmap;dimacs;60;20;875815;99474;1;1176.96;0.53043;SB*;v2.0-53-g98db238
roadmap;dimacs;61;20;841151;944170;27;1664.79;12.877;SB*;v2.0-53-g98db238
roadmap;dimacs;62;20;1008492;209637;3;1168.8;0.496858;SB*;v2.0-53-g98db238
roadmap;dimacs;63;20;576155;823564;1;1168.8;0.619837;SB*;v2.0-53-g98db238
roadmap;dimacs;64;20;803438;501581;2;1168.8;0.410526;SB*;v2.0-53-g98db238
roadmap;dimacs;65;20;820228;432046;1;1168.8;0.323021;SB*;v2.0-53-g98db238
roadmap;dimacs;66;20;523760;399722;13;1264.52;2.78713;SB*;v2.0-53-g98db238
roadmap;dimacs;67;20;340158;180797;1;1168.8;0.437073;SB*;v2.0-53-g98db238
roadmap;dimacs;68;20;81505;409710;1;1168.8;0.629331;SB*;v2.0-53-g98db238
roadmap;dimacs;69;20;281091;233813;7;1168.8;2.70403;SB*;v2.0-53-g98db238
roadmap;dimacs;70;20;286191;713292;1;1168.8;0.261472;SB*;v2.0-53-g98db238
roadmap;dimacs;71;20;927103;450702;1;1168.8;0.209069;SB*;v2.0-53-g98db238
roadmap;dimacs;72;20;399509;654693;3;1168.8;0.211886;SB*;v2.0-53-g98db238
roadmap;dimacs;73;20;69391;916399;3;1168.8;0.599289;SB*;v2.0-53-g98db238
roadmap;dimacs;74;20;95369;29852;6;1168.8;0.857854;SB*;v2.0-53-g98db238
roadmap;dimacs;75;20;399899;58855;4;1168.8;0.771924;SB*;v2.0-53-g98db238
roadmap;dimacs;76;20;860874;76988;1;1168.8;0.342228;SB*;v2.0-53-g98db238
roadmap;dimacs;77;20;756021;168045;1;1168.8;0.604757;SB*;v2.0-53-g98db238
roadmap;dimacs;78;20;955341;203191;1;1168.8;0.412118;SB*;v2.0-53-g98db238
roadmap;dimacs;79;20;206250;889026;46;2207.73;7.70191;SB*;v2.0-53-g98db238
roadmap;dimacs;80;20;925527;539386;5;1168.8;1.55683;SB*;v2.0-53-g98db238
roadmap;dimacs;81;20;63851;893869;1;1168.8;0.201739;SB*;v2.0-53-g98db238
roadmap;dimacs;82;20;829760;490849;7;1168.8;0.340403;SB*;v2.0-53-g98db238
roadmap;dimacs;83;20;745383;65573;5;1168.8;1.38056;SB*;v2.0-53-g98db238
roadmap;dimacs;84;20;660170;779974;1;1168.8;0.492054;SB*;v2.0-53-g98db238
roadmap;dimacs;85;20;617638;129056;1;1168.8;0.744669;SB*;v2.0-53-g98db238
roadmap;dimacs;86;20;911994;444759;1;1168.8;0.714414;SB*;v2.0-53-g98db238
roadmap;dimacs;87;20;10763;141032;1;1168.8;0.576437;SB*;v2.0-53-g98db238
roadmap;dimacs;88;20;410479;564107;4;1168.8;0.502917;SB*;v2.0-53-g98db238
roadmap;dimacs;89;20;662614;317257;1;1168.8;0.17115;SB*;v2.0-53-g98db238
roadmap;dimacs;90;20;678985;821905;1;1168.8;0.331972;SB*;v2.0-53-g98db238
roadmap;dimacs;91;20;782289;952811;26;1636.01;4.90509;SB*;v2.0-53-g98db238
roadmap;dimacs;92;20;514457;779839;11;1209.51;1.74873;SB*;v2.0-53-g98db238
roadmap;dimacs;93;20;1012706;632574;1;1209.51;0.483309;SB*;v2.0-53-g98db238
roadmap;dimacs;94;20;451563;498369;1;1209.51;0.630953;SB*;v2.0-53-g98db238
roadmap;dimacs;95;20;42793;792875;3;1209.51;1.1379;SB*;v2.0-53-g98db238
roadmap;dimacs;96;20;870793;417684;8;1209.51;1.45988;SB*;v2.0-53-g98db238
roadmap;dimacs;97;20;675683;967864;1;1209.51;0.256849;SB*;v2.0-53-g98db238
roadmap;dimacs;98;20;190012;547880;1;1209.51;0.60066;SB*;v2.0-53-g98db238
roadmap;dimacs;99;20;581175;726674;1;1209.51;0.21198;SB*;v2.0-53-g98db238
roadmap;dimacs;0;30;883356;105386;1;1209.51;0.647717;SB*;v2.0-53-g98db238
roadmap;dimacs;1;30;149794;92632;1;1209.51;0.619664;SB*;v2.0-53-g98db238
roadmap;dimacs;2;30;623571;945900;1;1209.51;0.770817;SB*;v2.0-53-g98db238
roadmap;dimacs;3;30;294831;573571;1;1209.51;0.404118;SB*;v2.0-53-g98db238
roadmap;dimacs;4;30;936193;1006096;1;1209.51;0.61633;SB*;v2.0-53-g98db238
roadmap;dimacs;5;30;815886;19665;1;1209.51;0.543017;SB*;v2.0-53-g98db238
roadmap;dimacs;6;30;298849;646451;1;1209.51;0.699493;SB*;v2.0-53-g98db238
roadmap;dimacs;7;30;310391;1015181;3;1209.51;0.493495;SB*;v2.0-53-g98db238
roadmap;dimacs;8;30;868761;91493;1;1209.51;0.672014;SB*;v2.0-53-g98db238
roadmap;dimacs;9;30;890642;1062512;17;1383.04;3.6684;SB*;v2.0-53-g98db238
roadmap;dimacs;10;30;582136;473282;1;1168.8;0.785228;SB*;v2.0-53-g98db238
roadmap;dimacs;11;30;564482;405363;17;1384.75;3.8109;SB*;v2.0-53-g98db238
roadmap;dimacs;12;30;291936;838165;1;1168.8;0.603636;SB*;v2.0-53-g98db238
roadmap;dimacs;13;30;955479;136626;1;1168.8;0.55979;SB*;v2.0-53-g98db238
roadmap;dimacs;14;30;643325;1010122;19;1441.93;1.3848;SB*;v2.0-53-g98db238
roadmap;dimacs;15;30;456649;695270;1;1168.8;0.590373;SB*;v2.0-53-g98db238
roadmap;dimacs;16;30;978938;710219;7;1168.8;0.926945;SB*;v2.0-53-g98db238
roadmap;dimacs;17;30;875760;608511;1;1168.8;0.618104;SB*;v2.0-53-g98db238
roadmap;dimacs;18;30;821322;475213;3;1168.8;0.620559;SB*;v2.0-53-g98db238
roadmap;dimacs;19;30;690387;193137;1;1168.8;0.559806;SB*;v2.0-53-g98db238
roadmap;dimacs;20;30;1026795;530173;5;1168.8;0.830133;SB*;v2.0-53-g98db238
roadmap;dimacs;21;30;1013587;979915;31;1783.19;3.70767;SB*;v2.0-53-g98db238
roadmap;dimacs;22;30;344428;623929;1;1168.8;0.516049;SB*;v2.0-53-g98db238
roadmap;dimacs;23;30;1047069;734986;1;1168.8;0.725915;SB*;v2.0-53-g98db238
roadmap;dimacs;24;30;916282;284238;1;1168.8;0.81213;SB*;v2.0-53-g98db238
roadmap;dimacs;25;30;873798;670800;24;1582.93;2.52144;SB*;v2.0-53-g98db238
roadmap;dimacs;26;30;887865;489833;1;1185.14;0.532537;SB*;v2.0-53-g98db238
roadmap;dimacs;27;30;208817;287658;1;1185.14;0.323517;SB*;v2.0-53-g98db238
roadmap;dimacs;28;30;243713;720933;1;1185.14;0.699893;SB*;v2.0-53-g98db238
roadmap;dimacs;29;30;704466;104814;1;1185.14;0.441088;SB*;v2.0-53-g98db238
roadmap;dimacs;30;30;710104;785562;1;1185.14;0.372062;SB*;v2.0-53-g98db238
roadmap;dimacs;31;30;1026321;586782;5;1185.14;0.869933;SB*;v2.0-53-g98db238
roadmap;dimacs;32;30;206993;152843;13;1270.64;2.6188;SB*;v2.0-53-g98db238
roadmap;dimacs;33;30;845953;150468;1;1168.8;0.406366;SB*;v2.0-53-g98db238
roadmap;dimacs;34;30;693526;1020576;4;1168.8;0.543709;SB*;v2.0-53-g98db238
roadmap;dimacs;35;30;879213;783527;1;1168.8;0.500521;SB*;v2.0-53-g98db238
roadmap;dimacs;36;30;367499;724519;1;1168.8;0.519385;SB*;v2.0-53-g98db238
roadmap;dimacs;37;30;979339;55064;23;1558.09;1.8388;SB*;v2.0-53-g98db238
roadmap;dimacs;38;30;559162;220555;1;1185.14;0.639088;SB*;v2.0-53-g98db238
roadmap;dimacs;39;30;762591;343284;1;1185.14;0.612407;SB*;v2.0-53-g98db238
roadmap;dimacs;40;30;1044400;117480;1;1185.14;0.734524;SB*;v2.0-53-g98db238
roadmap;dimacs;41;30;363248;170298;1;1185.14;0.497775;SB*;v2.0-53-g98db238
roadmap;dimacs;42;30;1009437;144357;1;1185.14;0.574316;SB*;v2.0-53-g98db238
roadmap;dimacs;43;30;543673;860935;2;1185.14;0.516211;SB*;v2.0-53-g98db238
roadmap;dimacs;44;30;261055;180190;1;1185.14;0.825975;SB*;v2.0-53-g98db238
roadmap;dimacs;45;30;618550;765686;1;1185.14;0.776246;SB*;v2.0-53-g98db238
roadmap;dimacs;46;30;75381;791488;1;1185.14;0.67573;SB*;v2.0-53-g98db238
roadmap;dimacs;47;30;957081;528466;1;1185.14;0.281083;SB*;v2.0-53-g98db238
roadmap;dimacs;48;30;730492;1045754;1;1185.14;0.718988;SB*;v2.0-53-g98db238
roadmap;dimacs;49;30;873454;405061;43;2128;5.18142;SB*;v2.0-53-g98db238
roadmap;dimacs;50;30;242881;280556;2;1168.8;0.413865;SB*;v2.0-53-g98db238
roadmap;dimacs;51;30;1018486;744416;2;1168.8;0.749325;SB*;v2.0-53-g98db238
roadmap;dimacs;52;30;458576;200599;1;1168.8;0.703543;SB*;v2.0-53-g98db238
roadmap;dimacs;53;30;283625;404396;38;1986.83;2.67613;SB*;v2.0-53-g98db238
roadmap;dimacs;54;30;1008244;454501;1;1185.14;0.62385;SB*;v2.0-53-g98db238
roadmap;dimacs;55;30;639856;761049;1;1185.14;0.720043;SB*;v2.0-53-g98db238
roadmap;dimacs;56;30;1065961;78609;1;1185.14;0.740065;SB*;v2.0-53-g98db238
roadmap;dimacs;57;30;145287;644094;2;1185.14;0.866898;SB*;v2.0-53-g98db238
roadmap;dimacs;58;30;499326;463575;3;1185.14;0.930259;SB*;v2.0-53-g98db238
roadmap;dimacs;59;30;42027;799520;11;1221.76;3.66722;SB*;v2.0-53-g98db238
roadmap;dimacs;60;30;875815;99474;1;1221.76;0.625105;SB*;v2.0-53-g98db238
roadmap;dimacs;61;30;841151;944170;44;2162.82;19.8898;SB*;v2.0-53-g98db238
roadmap;dimacs;62;30;1008492;209637;4;1168.8;0.590428;SB*;v2.0-53-g98db238
roadmap;dimacs;63;30;576155;823564;1;1168.8;0.709403;SB*;v2.0-53-g98db238
roadmap;dimacs;64;30;803438;501581;2;1168.8;0.492547;SB*;v2.0-53-g98db238
roadmap;dimacs;65;30;820228;432046;1;1168.8;0.406465;SB*;v2.0-53-g98db238
roadmap;dimacs;66;30;523760;399722;17;1391.21;3.31927;SB*;v2.0-53-g98db238
roadmap;dimacs;67;30;340158;180797;1;1168.8;0.520534;SB*;v2.0-53-g98db238
roadmap;dimacs;68;30;81505;409710;1;1168.8;0.714369;SB*;v2.0-53-g98db238
roadmap;dimacs;69;30;281091;233813;14;1305.46;6.27828;SB*;v2.0-53-g98db238
roadmap;dimacs;70;30;286191;713292;1;1219.84;0.34114;SB*;v2.0-53-g98db238
roadmap;dimacs;71;30;927103;450702;13;1276.88;1.82528;SB*;v2.0-53-g98db238
roadmap;dimacs;72;30;399509;654693;7;1193.3;0.319653;SB*;v2.0-53-g98db238
roadmap;dimacs;73;30;69391;916399;5;1193.3;0.746671;SB*;v2.0-53-g98db238
roadmap;dimacs;74;30;95369;29852;8;1193.3;1.02992;SB*;v2.0-53-g98db238
roadmap;dimacs;75;30;399899;58855;6;1193.3;0.903471;SB*;v2.0-53-g98db238
roadmap;dimacs;76;30;860874;76988;1;1193.3;0.426526;SB*;v2.0-53-g98db238
roadmap;dimacs;77;30;756021;168045;1;1193.3;0.706016;SB*;v2.0-53-g98db238
roadmap;dimacs;78;30;955341;203191;1;1193.3;0.501339;SB*;v2.0-53-g98db238
roadmap;dimacs;79;30;206250;889026;107;3963.39;21.7935;SB*;v2.0-53-g98db238
roadmap;dimacs;80;30;925527;539386;5;1168.8;1.68686;SB*;v2.0-53-g98db238
roadmap;dimacs;81;30;63851;893869;1;1168.8;0.272751;SB*;v2.0-53-g98db238
roadmap;dimacs;82;30;829760;490849;11;1219.71;1.33978;SB*;v2.0-53-g98db238
roadmap;dimacs;83;30;745383;65573;15;1337.99;4.13629;SB*;v2.0-53-g98db238
roadmap;dimacs;84;30;660170;779974;1;1168.8;0.574437;SB*;v2.0-53-g98db238
roadmap;dimacs;85;30;617638;129056;1;1168.8;0.85509;SB*;v2.0-53-g98db238
roadmap;dimacs;86;30;911994;444759;1;1168.8;0.822771;SB*;v2.0-53-g98db238
roadmap;dimacs;87;30;10763;141032;1;1168.8;0.673799;SB*;v2.0-53-g98db238
roadmap;dimacs;88;30;410479;564107;4;1168.8;0.637181;SB*;v2.0-53-g98db238
roadmap;dimacs;89;30;662614;317257;1;1168.8;0.248665;SB*;v2.0-53-g98db238
roadmap;dimacs;90;30;678985;821905;1;1168.8;0.417931;SB*;v2.0-53-g98db238
roadmap;dimacs;91;30;782289;952811;37;1966.82;7.04765;SB*;v2.0-53-g98db238
roadmap;dimacs;92;30;514457;779839;16;1366.71;3.29521;SB*;v2.0-53-g98db238
roadmap;dimacs;93;30;1012706;632574;1;1168.8;0.574276;SB*;v2.0-53-g98db238
roadmap;dimacs;94;30;451563;498369;1;1168.8;0.737785;SB*;v2.0-53-g98db238
roadmap;dimacs;95;30;42793;792875;11;1223.8;3.94739;SB*;v2.0-53-g98db238
roadmap;dimacs;96;30;870793;417684;18;1423.88;4.50582;SB*;v2.0-53-g98db238
roadmap;dimacs;97;30;675683;967864;2;1168.8;0.336666;SB*;v2.0-53-g98db238
roadmap;dimacs;98;30;190012;547880;1;1168.8;0.682943;SB*;v2.0-53-g98db238
roadmap;dimacs;99;30;581175;726674;1;1168.8;0.288007;SB*;v2.0-53-g98db238
roadmap;dimacs;0;40;883356;105386;1;1168.8;0.72823;SB*;v2.0-53-g98db238
roadmap;dimacs;1;40;149794;92632;1;1168.8;0.701554;SB*;v2.0-53-g98db238
roadmap;dimacs;2;40;623571;945900;1;1168.8;0.857995;SB*;v2.0-53-g98db238
roadmap;dimacs;3;40;294831;573571;1;1168.8;0.483192;SB*;v2.0-53-g98db238
roadmap;dimacs;4;40;936193;1006096;1;1168.8;0.713753;SB*;v2.0-53-g98db238
roadmap;dimacs;5;40;815886;19665;5;1168.8;0.669632;SB*;v2.0-53-g98db238
roadmap;dimacs;6;40;298849;646451;1;1168.8;0.816418;SB*;v2.0-53-g98db238
roadmap;dimacs;7;40;310391;1015181;4;1168.8;0.606597;SB*;v2.0-53-g98db238
roadmap;dimacs;8;40;868761;91493;1;1168.8;0.773306;SB*;v2.0-53-g98db238
roadmap;dimacs;9;40;890642;1062512;18;1423.88;4.02877;SB*;v2.0-53-g98db238
roadmap;dimacs;10;40;582136;473282;1;1168.8;0.884721;SB*;v2.0-53-g98db238
roadmap;dimacs;11;40;564482;405363;23;1566.79;5.12562;SB*;v2.0-53-g98db238
roadmap;dimacs;12;40;291936;838165;1;1168.8;0.711625;SB*;v2.0-53-g98db238
roadmap;dimacs;13;40;955479;136626;1;1168.8;0.594698;SB*;v2.0-53-g98db238
roadmap;dimacs;14;40;643325;1010122;21;1509.62;1.55691;SB*;v2.0-53-g98db238
roadmap;dimacs;15;40;456649;695270;1;1168.8;0.672618;SB*;v2.0-53-g98db238
roadmap;dimacs;16;40;978938;710219;8;1168.8;1.15882;SB*;v2.0-53-g98db238
roadmap;dimacs;17;40;875760;608511;1;1168.8;0.695755;SB*;v2.0-53-g98db238
roadmap;dimacs;18;40;821322;475213;3;1168.8;0.719781;SB*;v2.0-53-g98db238
roadmap;dimacs;19;40;690387;193137;1;1168.8;0.648564;SB*;v2.0-53-g98db238
roadmap;dimacs;20;40;1026795;530173;18;1423.88;1.25713;SB*;v2.0-53-g98db238
roadmap;dimacs;21;40;1013587;979915;49;2309.93;6.74385;SB*;v2.0-53-g98db238
roadmap;dimacs;22;40;344428;623929;1;1168.8;0.585046;SB*;v2.0-53-g98db238
roadmap;dimacs;23;40;1047069;734986;1;1168.8;0.840961;SB*;v2.0-53-g98db238
roadmap;dimacs;24;40;916282;284238;1;1168.8;0.913564;SB*;v2.0-53-g98db238
roadmap;dimacs;25;40;873798;670800;68;2852.76;3.58864;SB*;v2.0-53-g98db238
roadmap;dimacs;26;40;887865;489833;1;1195.34;0.572848;SB*;v2.0-53-g98db238
roadmap;dimacs;27;40;208817;287658;1;1195.34;0.395008;SB*;v2.0-53-g98db238
roadmap;dimacs;28;40;243713;720933;2;1195.34;0.949075;SB*;v2.0-53-g98db238
roadmap;dimacs;29;40;704466;104814;1;1195.34;0.51935;SB*;v2.0-53-g98db238
roadmap;dimacs;30;40;710104;785562;1;1195.34;0.446305;SB*;v2.0-53-g98db238
roadmap;dimacs;31;40;1026321;586782;5;1195.34;0.954643;SB*;v2.0-53-g98db238
roadmap;dimacs;32;40;206993;152843;20;1483.08;4.00535;SB*;v2.0-53-g98db238
roadmap;dimacs;33;40;845953;150468;1;1168.8;0.490058;SB*;v2.0-53-g98db238
roadmap;dimacs;34;40;693526;1020576;6;1168.8;0.645506;SB*;v2.0-53-g98db238
roadmap;dimacs;35;40;879213;783527;1;1168.8;0.580208;SB*;v2.0-53-g98db238
roadmap;dimacs;36;40;367499;724519;1;1168.8;0.60879;SB*;v2.0-53-g98db238
roadmap;dimacs;37;40;979339;55064;27;1683.16;2.34639;SB*;v2.0-53-g98db238
roadmap;dimacs;38;40;559162;220555;1;1197.39;0.723271;SB*;v2.0-53-g98db238
roadmap;dimacs;39;40;762591;343284;1;1197.39;0.695965;SB*;v2.0-53-g98db238
roadmap;dimacs;40;40;1044400;117480;1;1197.39;0.836838;SB*;v2.0-53-g98db238
roadmap;dimacs;41;40;363248;170298;1;1197.39;0.574933;SB*;v2.0-53-g98db238
roadmap;dimacs;42;40;1009437;144357;1;1197.39;0.666006;SB*;v2.0-53-g98db238
roadmap;dimacs;43;40;543673;860935;2;1197.39;0.604255;SB*;v2.0-53-g98db238
roadmap;dimacs;44;40;261055;180190;1;1197.39;0.924191;SB*;v2.0-53-g98db238
roadmap;dimacs;45;40;618550;765686;1;1197.39;0.877236;SB*;v2.0-53-g98db238
roadmap;dimacs;46;40;75381;791488;1;1197.39;0.807143;SB*;v2.0-53-g98db238
roadmap;dimacs;47;40;957081;528466;1;1197.39;0.352378;SB*;v2.0-53-g98db238
roadmap;dimacs;48;40;730492;1045754;1;1197.39;0.764865;SB*;v2.0-53-g98db238
roadmap;dimacs;49;40;873454;405061;65;2771.21;8.73524;SB*;v2.0-53-g98db238
roadmap;dimacs;50;40;242881;280556;2;1168.8;0.491708;SB*;v2.0-53-g98db238
roadmap;dimacs;51;40;1018486;744416;2;1168.8;0.826856;SB*;v2.0-53-g98db238
roadmap;dimacs;52;40;458576;200599;1;1168.8;0.813056;SB*;v2.0-53-g98db238
roadmap;dimacs;53;40;283625;404396;57;2542.55;3.30639;SB*;v2.0-53-g98db238
roadmap;dimacs;54;40;1008244;454501;1;1201.46;0.720043;SB*;v2.0-53-g98db238
roadmap;dimacs;55;40;639856;761049;1;1201.46;0.808728;SB*;v2.0-53-g98db238
roadmap;dimacs;56;40;1065961;78609;1;1201.46;0.830589;SB*;v2.0-53-g98db238
roadmap;dimacs;57;40;145287;644094;2;1201.46;0.956921;SB*;v2.0-53-g98db238
roadmap;dimacs;58;40;499326;463575;4;1201.46;1.11238;SB*;v2.0-53-g98db238
roadmap;dimacs;59;40;42027;799520;15;1347.8;5.06384;SB*;v2.0-53-g98db238
roadmap;dimacs;60;40;875815;99474;5;1232.09;1.64239;SB*;v2.0-53-g98db238
roadmap;dimacs;61;40;841151;944170;53;2430.26;22.7097;SB*;v2.0-53-g98db238
roadmap;dimacs;62;40;1008492;209637;4;1168.8;0.677451;SB*;v2.0-53-g98db238
roadmap;dimacs;63;40;576155;823564;1;1168.8;0.791858;SB*;v2.0-53-g98db238
roadmap;dimacs;64;40;803438;501581;2;1168.8;0.56603;SB*;v2.0-53-g98db238
roadmap;dimacs;65;40;820228;432046;1;1168.8;0.481426;SB*;v2.0-53-g98db238
roadmap;dimacs;66;40;523760;399722;21;1515.75;3.92439;SB*;v2.0-53-g98db238
roadmap;dimacs;67;40;340158;180797;1;1168.8;0.607637;SB*;v2.0-53-g98db238
roadmap;dimacs;68;40;81505;409710;1;1168.8;0.801572;SB*;v2.0-53-g98db238
roadmap;dimacs;69;40;281091;233813;15;1344.25;6.45403;SB*;v2.0-53-g98db238
roadmap;dimacs;70;40;286191;713292;1;1168.8;0.410296;SB*;v2.0-53-g98db238
roadmap;dimacs;71;40;927103;450702;13;1287.09;1.93149;SB*;v2.0-53-g98db238
roadmap;dimacs;72;40;399509;654693;9;1201.46;0.415045;SB*;v2.0-53-g98db238
roadmap;dimacs;73;40;69391;916399;5;1201.46;0.82127;SB*;v2.0-53-g98db238
roadmap;dimacs;74;40;95369;29852;9;1201.46;1.16028;SB*;v2.0-53-g98db238
roadmap;dimacs;75;40;399899;58855;7;1201.46;1.01955;SB*;v2.0-53-g98db238
roadmap;dimacs;76;40;860874;76988;1;1201.46;0.501635;SB*;v2.0-53-g98db238
roadmap;dimacs;77;40;756021;168045;1;1201.46;0.782421;SB*;v2.0-53-g98db238
roadmap;dimacs;78;40;955341;203191;1;1201.46;0.582581;SB*;v2.0-53-g98db238
roadmap;dimacs;79;40;206250;889026;116;4231.06;23.2748;SB*;v2.0-53-g98db238
roadmap;dimacs;80;40;925527;539386;5;1168.8;1.75889;SB*;v2.0-53-g98db238
roadmap;dimacs;81;40;63851;893869;1;1168.8;0.35075;SB*;v2.0-53-g98db238
roadmap;dimacs;82;40;829760;490849;21;1515.75;1.9974;SB*;v2.0-53-g98db238
roadmap;dimacs;83;40;745383;65573;20;1493.04;5.02066;SB*;v2.0-53-g98db238
roadmap;dimacs;84;40;660170;779974;1;1168.8;0.663458;SB*;v2.0-53-g98db238
roadmap;dimacs;85;40;617638;129056;1;1168.8;0.958981;SB*;v2.0-53-g98db238
roadmap;dimacs;86;40;911994;444759;1;1168.8;0.918483;SB*;v2.0-53-g98db238
roadmap;dimacs;87;40;10763;141032;1;1168.8;0.755667;SB*;v2.0-53-g98db238
roadmap;dimacs;88;40;410479;564107;12;1258.5;1.26642;SB*;v2.0-53-g98db238
roadmap;dimacs;89;40;662614;317257;1;1168.8;0.312817;SB*;v2.0-53-g98db238
roadmap;dimacs;90;40;678985;821905;1;1168.8;0.499856;SB*;v2.0-53-g98db238
roadmap;dimacs;91;40;782289;952811;111;4088.04;22.4256;SB*;v2.0-53-g98db238
roadmap;dimacs;92;40;514457;779839;30;1772.83;4.98994;SB*;v2.0-53-g98db238
roadmap;dimacs;93;40;1012706;632574;1;1168.8;0.654984;SB*;v2.0-53-g98db238
roadmap;dimacs;94;40;451563;498369;1;1168.8;0.812532;SB*;v2.0-53-g98db238
roadmap;dimacs;95;40;42793;792875;13;1288.61;4.73794;SB*;v2.0-53-g98db238
roadmap;dimacs;96;40;870793;417684;21;1515.63;5.73975;SB*;v2.0-53-g98db238
roadmap;dimacs;97;40;675683;967864;19;1458.58;4.96935;SB*;v2.0-53-g98db238
roadmap;dimacs;98;40;190012;547880;1;1168.8;0.767084;SB*;v2.0-53-g98db238
roadmap;dimacs;99;40;581175;726674;1;1168.8;0.364973;SB*;v2.0-53-g98db238
roadmap;dimacs;0;50;883356;105386;1;1168.8;0.823776;SB*;v2.0-53-g98db238
roadmap;dimacs;1;50;149794;92632;1;1168.8;0.791116;SB*;v2.0-53-g98db238
roadmap;dimacs;2;50;623571;945900;1;1168.8;0.948107;SB*;v2.0-53-g98db238
roadmap;dimacs;3;50;294831;573571;1;1168.8;0.569888;SB*;v2.0-53-g98db238
roadmap;dimacs;4;50;936193;1006096;2;1168.8;0.990531;SB*;v2.0-53-g98db238
roadmap;dimacs;5;50;815886;19665;5;1168.8;0.758479;SB*;v2.0-53-g98db238
roadmap;dimacs;6;50;298849;646451;1;1168.8;0.906163;SB*;v2.0-53-g98db238
roadmap;dimacs;7;50;310391;1015181;4;1168.8;0.683722;SB*;v2.0-53-g98db238
roadmap;dimacs;8;50;868761;91493;9;1176.84;2.361;SB*;v2.0-53-g98db238
roadmap;dimacs;9;50;890642;1062512;25;1631.66;5.60452;SB*;v2.0-53-g98db238
roadmap;dimacs;10;50;582136;473282;1;1168.8;0.977417;SB*;v2.0-53-g98db238
roadmap;dimacs;11;50;564482;405363;33;1860.44;7.47851;SB*;v2.0-53-g98db238
roadmap;dimacs;12;50;291936;838165;1;1168.8;0.787833;SB*;v2.0-53-g98db238
roadmap;dimacs;13;50;955479;136626;1;1168.8;0.722684;SB*;v2.0-53-g98db238
roadmap;dimacs;14;50;643325;1010122;26;1658.53;1.80773;SB*;v2.0-53-g98db238
roadmap;dimacs;15;50;456649;695270;1;1168.8;0.754462;SB*;v2.0-53-g98db238
roadmap;dimacs;16;50;978938;710219;11;1229.93;1.29721;SB*;v2.0-53-g98db238
roadmap;dimacs;17;50;875760;608511;1;1229.93;0.747124;SB*;v2.0-53-g98db238
roadmap;dimacs;18;50;821322;475213;3;1229.93;0.81859;SB*;v2.0-53-g98db238
roadmap;dimacs;19;50;690387;193137;1;1229.93;0.737964;SB*;v2.0-53-g98db238
roadmap;dimacs;20;50;1026795;530173;18;1430;1.32508;SB*;v2.0-53-g98db238
roadmap;dimacs;21;50;1013587;979915;72;2973.32;10.1216;SB*;v2.0-53-g98db238
roadmap;dimacs;22;50;344428;623929;1;1168.8;0.669993;SB*;v2.0-53-g98db238
roadmap;dimacs;23;50;1047069;734986;1;1168.8;0.946064;SB*;v2.0-53-g98db238
roadmap;dimacs;24;50;916282;284238;1;1168.8;1.016;SB*;v2.0-53-g98db238
roadmap;dimacs;25;50;873798;670800;110;4059.57;5.34957;SB*;v2.0-53-g98db238
roadmap;dimacs;26;50;887865;489833;1;1168.8;0.690451;SB*;v2.0-53-g98db238
roadmap;dimacs;27;50;208817;287658;1;1168.8;0.475303;SB*;v2.0-53-g98db238
roadmap;dimacs;28;50;243713;720933;2;1168.8;1.02866;SB*;v2.0-53-g98db238
roadmap;dimacs;29;50;704466;104814;1;1168.8;0.601899;SB*;v2.0-53-g98db238
roadmap;dimacs;30;50;710104;785562;1;1168.8;0.528661;SB*;v2.0-53-g98db238
roadmap;dimacs;31;50;1026321;586782;5;1168.8;1.0385;SB*;v2.0-53-g98db238
roadmap;dimacs;32;50;206993;152843;29;1746.45;7.15126;SB*;v2.0-53-g98db238
roadmap;dimacs;33;50;845953;150468;1;1168.8;0.570795;SB*;v2.0-53-g98db238
roadmap;dimacs;34;50;693526;1020576;6;1168.8;0.744182;SB*;v2.0-53-g98db238
roadmap;dimacs;35;50;879213;783527;1;1168.8;0.673647;SB*;v2.0-53-g98db238
roadmap;dimacs;36;50;367499;724519;1;1168.8;0.689136;SB*;v2.0-53-g98db238
roadmap;dimacs;37;50;979339;55064;32;1832.19;2.48778;SB*;v2.0-53-g98db238
roadmap;dimacs;38;50;559162;220555;1;1203.51;0.80544;SB*;v2.0-53-g98db238
roadmap;dimacs;39;50;762591;343284;1;1203.51;0.776508;SB*;v2.0-53-g98db238
roadmap;dimacs;40;50;1044400;117480;1;1203.51;0.860311;SB*;v2.0-53-g98db238
roadmap;dimacs;41;50;363248;170298;1;1203.51;0.664117;SB*;v2.0-53-g98db238
roadmap;dimacs;42;50;1009437;144357;1;1203.51;0.751937;SB*;v2.0-53-g98db238
roadmap;dimacs;43;50;543673;860935;3;1203.51;0.698895;SB*;v2.0-53-g98db238
roadmap;dimacs;44;50;261055;180190;1;1203.51;1.00567;SB*;v2.0-53-g98db238
roadmap;dimacs;45;50;618550;765686;1;1203.51;0.963843;SB*;v2.0-53-g98db238
roadmap;dimacs;46;50;75381;791488;1;1203.51;0.900356;SB*;v2.0-53-g98db238
roadmap;dimacs;47;50;957081;528466;1;1203.51;0.441558;SB*;v2.0-53-g98db238
roadmap;dimacs;48;50;730492;1045754;1;1203.51;0.890575;SB*;v2.0-53-g98db238
roadmap;dimacs;49;50;873454;405061;97;3690.04;13.6047;SB*;v2.0-53-g98db238
roadmap;dimacs;50;50;242881;280556;2;1168.8;0.576172;SB*;v2.0-53-g98db238
roadmap;dimacs;51;50;1018486;744416;2;1168.8;0.918793;SB*;v2.0-53-g98db238
roadmap;dimacs;52;50;458576;200599;1;1168.8;0.892717;SB*;v2.0-53-g98db238
roadmap;dimacs;53;50;283625;404396;64;2748.31;3.9973;SB*;v2.0-53-g98db238
roadmap;dimacs;54;50;1008244;454501;1;1203.51;0.793182;SB*;v2.0-53-g98db238
roadmap;dimacs;55;50;639856;761049;1;1203.51;0.911624;SB*;v2.0-53-g98db238
roadmap;dimacs;56;50;1065961;78609;1;1203.51;0.913518;SB*;v2.0-53-g98db238
roadmap;dimacs;57;50;145287;644094;2;1203.51;1.03423;SB*;v2.0-53-g98db238
roadmap;dimacs;58;50;499326;463575;4;1203.51;1.20867;SB*;v2.0-53-g98db238
roadmap;dimacs;59;50;42027;799520;17;1411.09;5.73963;SB*;v2.0-53-g98db238
roadmap;dimacs;60;50;875815;99474;5;1168.8;1.7374;SB*;v2.0-53-g98db238
roadmap;dimacs;61;50;841151;944170;55;2493.67;24.1908;SB*;v2.0-53-g98db238
roadmap;dimacs;62;50;1008492;209637;7;1168.8;0.801446;SB*;v2.0-53-g98db238
roadmap;dimacs;63;50;576155;823564;1;1168.8;0.888369;SB*;v2.0-53-g98db238
roadmap;dimacs;64;50;803438;501581;2;1168.8;0.647849;SB*;v2.0-53-g98db238
roadmap;dimacs;65;50;820228;432046;1;1168.8;0.564997;SB*;v2.0-53-g98db238
roadmap;dimacs;66;50;523760;399722;24;1607.62;4.51169;SB*;v2.0-53-g98db238
roadmap;dimacs;67;50;340158;180797;1;1168.8;0.696775;SB*;v2.0-53-g98db238
roadmap;dimacs;68;50;81505;409710;1;1168.8;0.89235;SB*;v2.0-53-g98db238
roadmap;dimacs;69;50;281091;233813;19;1464.71;8.58665;SB*;v2.0-53-g98db238
roadmap;dimacs;70;50;286191;713292;1;1168.8;0.50331;SB*;v2.0-53-g98db238
roadmap;dimacs;71;50;927103;450702;19;1464.71;2.09389;SB*;v2.0-53-g98db238
roadmap;dimacs;72;50;399509;654693;11;1236.05;0.514388;SB*;v2.0-53-g98db238
roadmap;dimacs;73;50;69391;916399;7;1168.8;0.960515;SB*;v2.0-53-g98db238
roadmap;dimacs;74;50;95369;29852;14;1323.54;1.44919;SB*;v2.0-53-g98db238
roadmap;dimacs;75;50;399899;58855;7;1168.8;1.13309;SB*;v2.0-53-g98db238
roadmap;dimacs;76;50;860874;76988;1;1168.8;0.580297;SB*;v2.0-53-g98db238
roadmap;dimacs;77;50;756021;168045;1;1168.8;0.874359;SB*;v2.0-53-g98db238
roadmap;dimacs;78;50;955341;203191;1;1168.8;0.658182;SB*;v2.0-53-g98db238
roadmap;dimacs;79;50;206250;889026;124;4465.84;24.8088;SB*;v2.0-53-g98db238
roadmap;dimacs;80;50;925527;539386;5;1168.8;1.84503;SB*;v2.0-53-g98db238
roadmap;dimacs;81;50;63851;893869;1;1168.8;0.416643;SB*;v2.0-53-g98db238
roadmap;dimacs;82;50;829760;490849;32;1836.28;4.43126;SB*;v2.0-53-g98db238
roadmap;dimacs;83;50;745383;65573;34;1893.32;10.1258;SB*;v2.0-53-g98db238
roadmap;dimacs;84;50;660170;779974;1;1168.8;0.703144;SB*;v2.0-53-g98db238
roadmap;dimacs;85;50;617638;129056;1;1168.8;1.05643;SB*;v2.0-53-g98db238
roadmap;dimacs;86;50;911994;444759;1;1168.8;0.996855;SB*;v2.0-53-g98db238
roadmap;dimacs;87;50;10763;141032;1;1168.8;0.842329;SB*;v2.0-53-g98db238
roadmap;dimacs;88;50;410479;564107;15;1356.5;1.39597;SB*;v2.0-53-g98db238
roadmap;dimacs;89;50;662614;317257;1;1168.8;0.390237;SB*;v2.0-53-g98db238
roadmap;dimacs;90;50;678985;821905;1;1168.8;0.5869;SB*;v2.0-53-g98db238
roadmap;dimacs;91;50;782289;952811;135;4786.21;27.4461;SB*;v2.0-53-g98db238
roadmap;dimacs;92;50;514457;779839;54;2471.21;8.20545;SB*;v2.0-53-g98db238
roadmap;dimacs;93;50;1012706;632574;1;1168.8;0.743395;SB*;v2.0-53-g98db238
roadmap;dimacs;94;50;451563;498369;1;1168.8;0.913928;SB*;v2.0-53-g98db238
roadmap;dimacs;95;50;42793;792875;17;1415.19;6.23779;SB*;v2.0-53-g98db238
roadmap;dimacs;96;50;870793;417684;62;2699.75;14.8188;SB*;v2.0-53-g98db238
roadmap;dimacs;97;50;675683;967864;20;1499.42;5.49564;SB*;v2.0-53-g98db238
roadmap;dimacs;98;50;190012;547880;1;1168.8;0.857623;SB*;v2.0-53-g98db238
roadmap;dimacs;99;50;581175;726674;1;1168.8;0.445028;SB*;v2.0-53-g98db238
roadmap;dimacs;0;60;883356;105386;1;1168.8;0.926537;SB*;v2.0-53-g98db238
roadmap;dimacs;1;60;149794;92632;1;1168.8;0.868375;SB*;v2.0-53-g98db238
roadmap;dimacs;2;60;623571;945900;1;1168.8;1.04051;SB*;v2.0-53-g98db238
roadmap;dimacs;3;60;294831;573571;1;1168.8;0.636742;SB*;v2.0-53-g98db238
roadmap;dimacs;4;60;936193;1006096;2;1168.8;1.08015;SB*;v2.0-53-g98db238
roadmap;dimacs;5;60;815886;19665;5;1168.8;0.83704;SB*;v2.0-53-g98db238
roadmap;dimacs;6;60;298849;646451;1;1168.8;0.989166;SB*;v2.0-53-g98db238
roadmap;dimacs;7;60;310391;1015181;4;1168.8;0.754898;SB*;v2.0-53-g98db238
roadmap;dimacs;8;60;868761;91493;19;1470.83;4.32858;SB*;v2.0-53-g98db238
roadmap;dimacs;9;60;890642;1062512;43;2158.39;8.49559;SB*;v2.0-53-g98db238
roadmap;dimacs;10;60;582136;473282;1;1168.8;1.09778;SB*;v2.0-53-g98db238
roadmap;dimacs;11;60;564482;405363;40;2072.7;8.65881;SB*;v2.0-53-g98db238
roadmap;dimacs;12;60;291936;838165;1;1168.8;0.810304;SB*;v2.0-53-g98db238
roadmap;dimacs;13;60;955479;136626;1;1168.8;0.799524;SB*;v2.0-53-g98db238
roadmap;dimacs;14;60;643325;1010122;29;1764.82;2.0078;SB*;v2.0-53-g98db238
roadmap;dimacs;15;60;456649;695270;1;1168.8;0.842584;SB*;v2.0-53-g98db238
roadmap;dimacs;16;60;978938;710219;12;1278.93;1.40029;SB*;v2.0-53-g98db238
roadmap;dimacs;17;60;875760;608511;1;1168.8;0.864329;SB*;v2.0-53-g98db238
roadmap;dimacs;18;60;821322;475213;7;1168.8;1.00442;SB*;v2.0-53-g98db238
roadmap;dimacs;19;60;690387;193137;1;1168.8;0.814753;SB*;v2.0-53-g98db238
roadmap;dimacs;20;60;1026795;530173;30;1793.4;1.69885;SB*;v2.0-53-g98db238
roadmap;dimacs;21;60;1013587;979915;99;3765.57;17.7316;SB*;v2.0-53-g98db238
roadmap;dimacs;22;60;344428;623929;1;1168.8;0.747293;SB*;v2.0-53-g98db238
roadmap;dimacs;23;60;1047069;734986;1;1168.8;1.03373;SB*;v2.0-53-g98db238
roadmap;dimacs;24;60;916282;284238;1;1168.8;1.07549;SB*;v2.0-53-g98db238
roadmap;dimacs;25;60;873798;670800;176;5966.18;10.5898;SB*;v2.0-53-g98db238
roadmap;dimacs;26;60;887865;489833;1;1168.8;0.746258;SB*;v2.0-53-g98db238
roadmap;dimacs;27;60;208817;287658;1;1168.8;0.540222;SB*;v2.0-53-g98db238
roadmap;dimacs;28;60;243713;720933;2;1168.8;1.12043;SB*;v2.0-53-g98db238
roadmap;dimacs;29;60;704466;104814;1;1168.8;0.671823;SB*;v2.0-53-g98db238
roadmap;dimacs;30;60;710104;785562;1;1168.8;0.603509;SB*;v2.0-53-g98db238
roadmap;dimacs;31;60;1026321;586782;5;1168.8;1.11944;SB*;v2.0-53-g98db238
roadmap;dimacs;32;60;206993;152843;33;1879.15;8.16516;SB*;v2.0-53-g98db238
roadmap;dimacs;33;60;845953;150468;1;1168.8;0.649563;SB*;v2.0-53-g98db238
roadmap;dimacs;34;60;693526;1020576;6;1168.8;0.826648;SB*;v2.0-53-g98db238
roadmap;dimacs;35;60;879213;783527;1;1168.8;0.753613;SB*;v2.0-53-g98db238
roadmap;dimacs;36;60;367499;724519;1;1168.8;0.780507;SB*;v2.0-53-g98db238
roadmap;dimacs;37;60;979339;55064;38;2021.95;2.78371;SB*;v2.0-53-g98db238
roadmap;dimacs;38;60;559162;220555;1;1221.89;0.833105;SB*;v2.0-53-g98db238
roadmap;dimacs;39;60;762591;343284;1;1221.89;0.856478;SB*;v2.0-53-g98db238
roadmap;dimacs;40;60;1044400;117480;1;1221.89;0.995997;SB*;v2.0-53-g98db238
roadmap;dimacs;41;60;363248;170298;1;1221.89;0.739844;SB*;v2.0-53-g98db238
roadmap;dimacs;42;60;1009437;144357;1;1221.89;0.833964;SB*;v2.0-53-g98db238
roadmap;dimacs;43;60;543673;860935;4;1221.89;0.79701;SB*;v2.0-53-g98db238
roadmap;dimacs;44;60;261055;180190;1;1221.89;1.14062;SB*;v2.0-53-g98db238
roadmap;dimacs;45;60;618550;765686;1;1221.89;1.05161;SB*;v2.0-53-g98db238
roadmap;dimacs;46;60;75381;791488;1;1221.89;0.979387;SB*;v2.0-53-g98db238
roadmap;dimacs;47;60;957081;528466;1;1221.89;0.520676;SB*;v2.0-53-g98db238
roadmap;dimacs;48;60;730492;1045754;1;1221.89;0.97406;SB*;v2.0-53-g98db238
roadmap;dimacs;49;60;873454;405061;134;4765.96;18.6046;SB*;v2.0-53-g98db238
roadmap;dimacs;50;60;242881;280556;2;1168.8;0.648872;SB*;v2.0-53-g98db238
roadmap;dimacs;51;60;1018486;744416;2;1168.8;1.0033;SB*;v2.0-53-g98db238
roadmap;dimacs;52;60;458576;200599;1;1168.8;0.922935;SB*;v2.0-53-g98db238
roadmap;dimacs;53;60;283625;404396;72;2993.86;4.33974;SB*;v2.0-53-g98db238
roadmap;dimacs;54;60;1008244;454501;1;1221.89;0.877393;SB*;v2.0-53-g98db238
roadmap;dimacs;55;60;639856;761049;1;1221.89;0.994115;SB*;v2.0-53-g98db238
roadmap;dimacs;56;60;1065961;78609;1;1221.89;1.00418;SB*;v2.0-53-g98db238
roadmap;dimacs;57;60;145287;644094;2;1221.89;1.15453;SB*;v2.0-53-g98db238
roadmap;dimacs;58;60;499326;463575;4;1221.89;1.28084;SB*;v2.0-53-g98db238
roadmap;dimacs;59;60;42027;799520;17;1427.96;5.87604;SB*;v2.0-53-g98db238
roadmap;dimacs;60;60;875815;99474;5;1168.8;1.81392;SB*;v2.0-53-g98db238
roadmap;dimacs;61;60;841151;944170;69;2914.24;29.4581;SB*;v2.0-53-g98db238
roadmap;dimacs;62;60;1008492;209637;8;1176.84;0.911693;SB*;v2.0-53-g98db238
roadmap;dimacs;63;60;576155;823564;1;1176.84;0.957814;SB*;v2.0-53-g98db238
roadmap;dimacs;64;60;803438;501581;2;1176.84;0.729671;SB*;v2.0-53-g98db238
roadmap;dimacs;65;60;820228;432046;1;1176.84;0.636319;SB*;v2.0-53-g98db238
roadmap;dimacs;66;60;523760;399722;31;1828.11;7.04282;SB*;v2.0-53-g98db238
roadmap;dimacs;67;60;340158;180797;1;1168.8;0.775138;SB*;v2.0-53-g98db238
roadmap;dimacs;68;60;81505;409710;1;1168.8;0.975217;SB*;v2.0-53-g98db238
roadmap;dimacs;69;60;281091;233813;25;1656.5;10.8435;SB*;v2.0-53-g98db238
roadmap;dimacs;70;60;286191;713292;1;1168.8;0.56682;SB*;v2.0-53-g98db238
roadmap;dimacs;71;60;927103;450702;32;1856.69;5.2767;SB*;v2.0-53-g98db238
roadmap;dimacs;72;60;399509;654693;13;1313.63;0.610315;SB*;v2.0-53-g98db238
roadmap;dimacs;73;60;69391;916399;7;1228.01;1.05666;SB*;v2.0-53-g98db238
roadmap;dimacs;74;60;95369;29852;15;1370.79;1.57114;SB*;v2.0-53-g98db238
roadmap;dimacs;75;60;399899;58855;8;1176.96;1.22542;SB*;v2.0-53-g98db238
roadmap;dimacs;76;60;860874;76988;1;1176.96;0.661696;SB*;v2.0-53-g98db238
roadmap;dimacs;77;60;756021;168045;1;1176.96;0.990031;SB*;v2.0-53-g98db238
roadmap;dimacs;78;60;955341;203191;1;1176.96;0.736873;SB*;v2.0-53-g98db238
roadmap;dimacs;79;60;206250;889026;164;5629.39;32.0471;SB*;v2.0-53-g98db238
roadmap;dimacs;80;60;925527;539386;7;1168.8;2.48668;SB*;v2.0-53-g98db238
roadmap;dimacs;81;60;63851;893869;1;1168.8;0.507379;SB*;v2.0-53-g98db238
roadmap;dimacs;82;60;829760;490849;38;2028.18;6.43768;SB*;v2.0-53-g98db238
roadmap;dimacs;83;60;745383;65573;35;1942.44;10.5694;SB*;v2.0-53-g98db238
roadmap;dimacs;84;60;660170;779974;1;1168.8;0.832333;SB*;v2.0-53-g98db238
roadmap;dimacs;85;60;617638;129056;1;1168.8;1.18378;SB*;v2.0-53-g98db238
roadmap;dimacs;86;60;911994;444759;1;1168.8;1.08418;SB*;v2.0-53-g98db238
roadmap;dimacs;87;60;10763;141032;3;1168.8;1.48936;SB*;v2.0-53-g98db238
roadmap;dimacs;88;60;410479;564107;19;1489.02;2.50965;SB*;v2.0-53-g98db238
roadmap;dimacs;89;60;662614;317257;1;1168.8;0.409105;SB*;v2.0-53-g98db238
roadmap;dimacs;90;60;678985;821905;1;1168.8;0.670191;SB*;v2.0-53-g98db238
roadmap;dimacs;91;60;782289;952811;155;5376.39;30.5596;SB*;v2.0-53-g98db238
roadmap;dimacs;92;60;514457;779839;60;2660.85;9.34004;SB*;v2.0-53-g98db238
roadmap;dimacs;93;60;1012706;632574;1;1168.8;0.843043;SB*;v2.0-53-g98db238
roadmap;dimacs;94;60;451563;498369;3;1168.8;1.07674;SB*;v2.0-53-g98db238
roadmap;dimacs;95;60;42793;792875;17;1432.04;6.36403;SB*;v2.0-53-g98db238
roadmap;dimacs;96;60;870793;417684;107;4004.44;26.0828;SB*;v2.0-53-g98db238
roadmap;dimacs;97;60;675683;967864;20;1517.79;5.65819;SB*;v2.0-53-g98db238
roadmap;dimacs;98;60;190012;547880;1;1168.8;0.897184;SB*;v2.0-53-g98db238
roadmap;dimacs;99;60;581175;726674;1;1168.8;0.510494;SB*;v2.0-53-g98db238
roadmap;dimacs;0;70;883356;105386;3;1168.8;1.3892;SB*;v2.0-53-g98db238
roadmap;dimacs;1;70;149794;92632;1;1168.8;0.955353;SB*;v2.0-53-g98db238
roadmap;dimacs;2;70;623571;945900;1;1168.8;1.12222;SB*;v2.0-53-g98db238
roadmap;dimacs;3;70;294831;573571;1;1168.8;0.721315;SB*;v2.0-53-g98db238
roadmap;dimacs;4;70;936193;1006096;2;1168.8;1.16987;SB*;v2.0-53-g98db238
roadmap;dimacs;5;70;815886;19665;5;1168.8;0.926785;SB*;v2.0-53-g98db238
roadmap;dimacs;6;70;298849;646451;1;1168.8;1.09373;SB*;v2.0-53-g98db238
roadmap;dimacs;7;70;310391;1015181;7;1168.8;0.935859;SB*;v2.0-53-g98db238
roadmap;dimacs;8;70;868761;91493;23;1603.54;5.18931;SB*;v2.0-53-g98db238
roadmap;dimacs;9;70;890642;1062512;52;2431.96;10.23;SB*;v2.0-53-g98db238
roadmap;dimacs;10;70;582136;473282;1;1176.96;1.17159;SB*;v2.0-53-g98db238
roadmap;dimacs;11;70;564482;405363;49;2346.26;10.3817;SB*;v2.0-53-g98db238
roadmap;dimacs;12;70;291936;838165;1;1168.8;0.951515;SB*;v2.0-53-g98db238
roadmap;dimacs;13;70;955479;136626;1;1168.8;0.898647;SB*;v2.0-53-g98db238
roadmap;dimacs;14;70;643325;1010122;39;2060.54;2.42773;SB*;v2.0-53-g98db238
roadmap;dimacs;15;70;456649;695270;1;1168.8;0.916687;SB*;v2.0-53-g98db238
roadmap;dimacs;16;70;978938;710219;16;1403.46;1.69446;SB*;v2.0-53-g98db238
roadmap;dimacs;17;70;875760;608511;1;1168.8;0.93847;SB*;v2.0-53-g98db238
roadmap;dimacs;18;70;821322;475213;15;1374.88;1.6669;SB*;v2.0-53-g98db238
roadmap;dimacs;19;70;690387;193137;5;1168.8;2.11771;SB*;v2.0-53-g98db238
roadmap;dimacs;20;70;1026795;530173;31;1832.19;1.78748;SB*;v2.0-53-g98db238
roadmap;dimacs;21;70;1013587;979915;105;3947.28;18.7552;SB*;v2.0-53-g98db238
roadmap;dimacs;22;70;344428;623929;1;1168.8;0.830957;SB*;v2.0-53-g98db238
roadmap;dimacs;23;70;1047069;734986;3;1168.8;1.42344;SB*;v2.0-53-g98db238
roadmap;dimacs;24;70;916282;284238;1;1168.8;1.18301;SB*;v2.0-53-g98db238
roadmap;dimacs;25;70;873798;670800;262;8434.49;13.9972;SB*;v2.0-53-g98db238
roadmap;dimacs;26;70;887865;489833;2;1168.8;1.14549;SB*;v2.0-53-g98db238
roadmap;dimacs;27;70;208817;287658;1;1168.8;0.61741;SB*;v2.0-53-g98db238
roadmap;dimacs;28;70;243713;720933;2;1168.8;1.20125;SB*;v2.0-53-g98db238
roadmap;dimacs;29;70;704466;104814;1;1168.8;0.761916;SB*;v2.0-53-g98db238
roadmap;dimacs;30;70;710104;785562;1;1168.8;0.676232;SB*;v2.0-53-g98db238
roadmap;dimacs;31;70;1026321;586782;5;1168.8;1.22386;SB*;v2.0-53-g98db238
roadmap;dimacs;32;70;206993;152843;37;2003.68;8.74608;SB*;v2.0-53-g98db238
roadmap;dimacs;33;70;845953;150468;1;1176.96;0.674484;SB*;v2.0-53-g98db238
roadmap;dimacs;34;70;693526;1020576;9;1203.38;0.946071;SB*;v2.0-53-g98db238
roadmap;dimacs;35;70;879213;783527;1;1203.39;0.826772;SB*;v2.0-53-g98db238
roadmap;dimacs;36;70;367499;724519;1;1203.39;0.848349;SB*;v2.0-53-g98db238
roadmap;dimacs;37;70;979339;55064;51;2403.84;3.69604;SB*;v2.0-53-g98db238
roadmap;dimacs;38;70;559162;220555;1;1232.09;0.981887;SB*;v2.0-53-g98db238
roadmap;dimacs;39;70;762591;343284;1;1232.09;0.947764;SB*;v2.0-53-g98db238
roadmap;dimacs;40;70;1044400;117480;1;1232.09;1.09463;SB*;v2.0-53-g98db238
roadmap;dimacs;41;70;363248;170298;1;1232.09;0.767203;SB*;v2.0-53-g98db238
roadmap;dimacs;42;70;1009437;144357;1;1232.09;0.920022;SB*;v2.0-53-g98db238
roadmap;dimacs;43;70;543673;860935;7;1232.09;1.21173;SB*;v2.0-53-g98db238
roadmap;dimacs;44;70;261055;180190;1;1232.09;1.21851;SB*;v2.0-53-g98db238
roadmap;dimacs;45;70;618550;765686;1;1232.09;1.14464;SB*;v2.0-53-g98db238
roadmap;dimacs;46;70;75381;791488;1;1232.09;1.06362;SB*;v2.0-53-g98db238
roadmap;dimacs;47;70;957081;528466;1;1232.09;0.596168;SB*;v2.0-53-g98db238
roadmap;dimacs;48;70;730492;1045754;1;1232.09;1.04926;SB*;v2.0-53-g98db238
roadmap;dimacs;49;70;873454;405061;138;4890.5;19.6446;SB*;v2.0-53-g98db238
roadmap;dimacs;50;70;242881;280556;2;1168.8;0.736376;SB*;v2.0-53-g98db238
roadmap;dimacs;51;70;1018486;744416;3;1168.8;1.09704;SB*;v2.0-53-g98db238
roadmap;dimacs;52;70;458576;200599;1;1168.8;1.05516;SB*;v2.0-53-g98db238
roadmap;dimacs;53;70;283625;404396;80;3232.72;4.70133;SB*;v2.0-53-g98db238
roadmap;dimacs;54;70;1008244;454501;1;1232.09;0.953982;SB*;v2.0-53-g98db238
roadmap;dimacs;55;70;639856;761049;1;1232.09;1.07636;SB*;v2.0-53-g98db238
roadmap;dimacs;56;70;1065961;78609;1;1232.09;1.09413;SB*;v2.0-53-g98db238
roadmap;dimacs;57;70;145287;644094;2;1232.09;1.25375;SB*;v2.0-53-g98db238
roadmap;dimacs;58;70;499326;463575;4;1232.09;1.34834;SB*;v2.0-53-g98db238
roadmap;dimacs;59;70;42027;799520;27;1719.9;9.08204;SB*;v2.0-53-g98db238
roadmap;dimacs;60;70;875815;99474;5;1168.8;1.87542;SB*;v2.0-53-g98db238
roadmap;dimacs;61;70;841151;944170;85;3377.68;34.349;SB*;v2.0-53-g98db238
roadmap;dimacs;62;70;1008492;209637;8;1176.84;0.997698;SB*;v2.0-53-g98db238
roadmap;dimacs;63;70;576155;823564;1;1176.84;1.03964;SB*;v2.0-53-g98db238
roadmap;dimacs;64;70;803438;501581;2;1176.84;0.805325;SB*;v2.0-53-g98db238
roadmap;dimacs;65;70;820228;432046;1;1176.84;0.726845;SB*;v2.0-53-g98db238
roadmap;dimacs;66;70;523760;399722;44;2205.8;9.30973;SB*;v2.0-53-g98db238
roadmap;dimacs;67;70;340158;180797;1;1168.8;0.853503;SB*;v2.0-53-g98db238
roadmap;dimacs;68;70;81505;409710;1;1168.8;1.04576;SB*;v2.0-53-g98db238
roadmap;dimacs;69;70;281091;233813;27;1719.79;12.0719;SB*;v2.0-53-g98db238
roadmap;dimacs;70;70;286191;713292;1;1168.8;0.651473;SB*;v2.0-53-g98db238
roadmap;dimacs;71;70;927103;450702;54;2491.63;5.57838;SB*;v2.0-53-g98db238
roadmap;dimacs;72;70;399509;654693;15;1376.92;0.746719;SB*;v2.0-53-g98db238
roadmap;dimacs;73;70;69391;916399;9;1205.55;1.17865;SB*;v2.0-53-g98db238
roadmap;dimacs;74;70;95369;29852;16;1405.5;1.72199;SB*;v2.0-53-g98db238
roadmap;dimacs;75;70;399899;58855;9;1205.55;1.33598;SB*;v2.0-53-g98db238
roadmap;dimacs;76;70;860874;76988;1;1205.55;0.729369;SB*;v2.0-53-g98db238
roadmap;dimacs;77;70;756021;168045;1;1205.55;1.02219;SB*;v2.0-53-g98db238
roadmap;dimacs;78;70;955341;203191;1;1205.55;0.820459;SB*;v2.0-53-g98db238
roadmap;dimacs;79;70;206250;889026;194;6493.14;38.3332;SB*;v2.0-53-g98db238
roadmap;dimacs;80;70;925527;539386;7;1168.8;2.598;SB*;v2.0-53-g98db238
roadmap;dimacs;81;70;63851;893869;1;1168.8;0.584076;SB*;v2.0-53-g98db238
roadmap;dimacs;82;70;829760;490849;56;2548.79;7.62249;SB*;v2.0-53-g98db238
roadmap;dimacs;83;70;745383;65573;45;2234.34;12.5755;SB*;v2.0-53-g98db238
roadmap;dimacs;84;70;660170;779974;1;1168.8;0.913377;SB*;v2.0-53-g98db238
roadmap;dimacs;85;70;617638;129056;1;1168.8;1.26501;SB*;v2.0-53-g98db238
roadmap;dimacs;86;70;911994;444759;1;1168.8;1.15864;SB*;v2.0-53-g98db238
roadmap;dimacs;87;70;10763;141032;5;1168.8;2.09402;SB*;v2.0-53-g98db238
roadmap;dimacs;88;70;410479;564107;21;1554.54;2.61781;SB*;v2.0-53-g98db238
roadmap;dimacs;89;70;662614;317257;1;1168.8;0.523776;SB*;v2.0-53-g98db238
roadmap;dimacs;90;70;678985;821905;1;1168.8;0.746456;SB*;v2.0-53-g98db238
roadmap;dimacs;91;70;782289;952811;174;5927.43;33.6822;SB*;v2.0-53-g98db238
roadmap;dimacs;92;70;514457;779839;63;2754.88;10.5172;SB*;v2.0-53-g98db238
roadmap;dimacs;93;70;1012706;632574;2;1168.8;0.936109;SB*;v2.0-53-g98db238
roadmap;dimacs;94;70;451563;498369;3;1168.8;1.1451;SB*;v2.0-53-g98db238
roadmap;dimacs;95;70;42793;792875;17;1441.73;6.47709;SB*;v2.0-53-g98db238
roadmap;dimacs;96;70;870793;417684;122;4441.34;27.9385;SB*;v2.0-53-g98db238
roadmap;dimacs;97;70;675683;967864;22;1583.12;6.70466;SB*;v2.0-53-g98db238
roadmap;dimacs;98;70;190012;547880;1;1168.8;1.03743;SB*;v2.0-53-g98db238
roadmap;dimacs;99;70;581175;726674;1;1168.8;0.585838;SB*;v2.0-53-g98db238
roadmap;dimacs;0;80;883356;105386;7;1168.8;2.2589;SB*;v2.0-53-g98db238
roadmap;dimacs;1;80;149794;92632;1;1168.8;1.03819;SB*;v2.0-53-g98db238
roadmap;dimacs;2;80;623571;945900;1;1168.8;1.2112;SB*;v2.0-53-g98db238
roadmap;dimacs;3;80;294831;573571;1;1168.8;0.810903;SB*;v2.0-53-g98db238
roadmap;dimacs;4;80;936193;1006096;2;1168.8;1.25383;SB*;v2.0-53-g98db238
roadmap;dimacs;5;80;815886;19665;5;1168.8;0.944735;SB*;v2.0-53-g98db238
roadmap;dimacs;6;80;298849;646451;1;1168.8;1.18545;SB*;v2.0-53-g98db238
roadmap;dimacs;7;80;310391;1015181;9;1213.5;1.081;SB*;v2.0-53-g98db238
roadmap;dimacs;8;80;868761;91493;27;1726.03;6.01831;SB*;v2.0-53-g98db238
roadmap;dimacs;9;80;890642;1062512;59;2640.66;11.1442;SB*;v2.0-53-g98db238
roadmap;dimacs;10;80;582136;473282;1;1185.14;1.26127;SB*;v2.0-53-g98db238
roadmap;dimacs;11;80;564482;405363;58;2613.79;12.0702;SB*;v2.0-53-g98db238
roadmap;dimacs;12;80;291936;838165;1;1168.8;1.02965;SB*;v2.0-53-g98db238
roadmap;dimacs;13;80;955479;136626;1;1168.8;0.976553;SB*;v2.0-53-g98db238
roadmap;dimacs;14;80;643325;1010122;46;2269.09;2.72926;SB*;v2.0-53-g98db238
roadmap;dimacs;15;80;456649;695270;1;1168.8;0.996336;SB*;v2.0-53-g98db238
roadmap;dimacs;16;80;978938;710219;19;1497.26;1.9482;SB*;v2.0-53-g98db238
roadmap;dimacs;17;80;875760;608511;1;1168.8;1.03377;SB*;v2.0-53-g98db238
roadmap;dimacs;18;80;821322;475213;15;1383.04;1.74128;SB*;v2.0-53-g98db238
roadmap;dimacs;19;80;690387;193137;5;1168.8;2.20197;SB*;v2.0-53-g98db238
roadmap;dimacs;20;80;1026795;530173;47;2297.59;2.28427;SB*;v2.0-53-g98db238
roadmap;dimacs;21;80;1013587;979915;126;4555.59;21.3983;SB*;v2.0-53-g98db238
roadmap;dimacs;22;80;344428;623929;1;1168.8;0.916951;SB*;v2.0-53-g98db238
roadmap;dimacs;23;80;1047069;734986;7;1168.8;2.11001;SB*;v2.0-53-g98db238
roadmap;dimacs;24;80;916282;284238;1;1168.8;1.27081;SB*;v2.0-53-g98db238
roadmap;dimacs;25;80;873798;670800;327;10300.7;17.1128;SB*;v2.0-53-g98db238
roadmap;dimacs;26;80;887865;489833;2;1168.8;1.24357;SB*;v2.0-53-g98db238
roadmap;dimacs;27;80;208817;287658;1;1168.8;0.710993;SB*;v2.0-53-g98db238
roadmap;dimacs;28;80;243713;720933;2;1168.8;1.30499;SB*;v2.0-53-g98db238
roadmap;dimacs;29;80;704466;104814;1;1168.8;0.851236;SB*;v2.0-53-g98db238
roadmap;dimacs;30;80;710104;785562;1;1168.8;0.756902;SB*;v2.0-53-g98db238
roadmap;dimacs;31;80;1026321;586782;5;1168.8;1.30314;SB*;v2.0-53-g98db238
roadmap;dimacs;32;80;206993;152843;46;2269.09;11.1547;SB*;v2.0-53-g98db238
roadmap;dimacs;33;80;845953;150468;1;1185.14;0.795664;SB*;v2.0-53-g98db238
roadmap;dimacs;34;80;693526;1020576;11;1268.71;1.06511;SB*;v2.0-53-g98db238
roadmap;dimacs;35;80;879213;783527;1;1185.14;0.873627;SB*;v2.0-53-g98db238
roadmap;dimacs;36;80;367499;724519;1;1185.14;0.947079;SB*;v2.0-53-g98db238
roadmap;dimacs;37;80;979339;55064;58;2612.08;4.55179;SB*;v2.0-53-g98db238
roadmap;dimacs;38;80;559162;220555;1;1168.8;1.05554;SB*;v2.0-53-g98db238
roadmap;dimacs;39;80;762591;343284;1;1168.8;1.03672;SB*;v2.0-53-g98db238
roadmap;dimacs;40;80;1044400;117480;1;1168.8;1.19315;SB*;v2.0-53-g98db238
roadmap;dimacs;41;80;363248;170298;1;1168.8;0.914295;SB*;v2.0-53-g98db238
roadmap;dimacs;42;80;1009437;144357;1;1168.8;1.02354;SB*;v2.0-53-g98db238
roadmap;dimacs;43;80;543673;860935;7;1168.8;1.29606;SB*;v2.0-53-g98db238
roadmap;dimacs;44;80;261055;180190;1;1168.8;1.28592;SB*;v2.0-53-g98db238
roadmap;dimacs;45;80;618550;765686;1;1168.8;1.23261;SB*;v2.0-53-g98db238
roadmap;dimacs;46;80;75381;791488;1;1168.8;1.15044;SB*;v2.0-53-g98db238
roadmap;dimacs;47;80;957081;528466;1;1168.8;0.660263;SB*;v2.0-53-g98db238
roadmap;dimacs;48;80;730492;1045754;1;1168.8;1.12695;SB*;v2.0-53-g98db238
roadmap;dimacs;49;80;873454;405061;175;5956.2;23.8623;SB*;v2.0-53-g98db238
roadmap;dimacs;50;80;242881;280556;2;1168.8;0.824698;SB*;v2.0-53-g98db238
roadmap;dimacs;51;80;1018486;744416;3;1168.8;1.18718;SB*;v2.0-53-g98db238
roadmap;dimacs;52;80;458576;200599;1;1168.8;1.14053;SB*;v2.0-53-g98db238
roadmap;dimacs;53;80;283625;404396;98;3761.5;5.29336;SB*;v2.0-53-g98db238
roadmap;dimacs;54;80;1008244;454501;1;1168.8;1.0692;SB*;v2.0-53-g98db238
roadmap;dimacs;55;80;639856;761049;1;1168.8;1.17283;SB*;v2.0-53-g98db238
roadmap;dimacs;56;80;1065961;78609;1;1168.8;1.17292;SB*;v2.0-53-g98db238
roadmap;dimacs;57;80;145287;644094;3;1168.8;1.36815;SB*;v2.0-53-g98db238
roadmap;dimacs;58;80;499326;463575;4;1177.45;1.45876;SB*;v2.0-53-g98db238
roadmap;dimacs;59;80;42027;799520;35;1962.32;11.7426;SB*;v2.0-53-g98db238
roadmap;dimacs;60;80;875815;99474;5;1168.8;2.00512;SB*;v2.0-53-g98db238
roadmap;dimacs;61;80;841151;944170;92;3590;36.4099;SB*;v2.0-53-g98db238
roadmap;dimacs;62;80;1008492;209637;8;1193.18;1.07519;SB*;v2.0-53-g98db238
roadmap;dimacs;63;80;576155;823564;1;1193.18;1.11652;SB*;v2.0-53-g98db238
roadmap;dimacs;64;80;803438;501581;2;1193.18;0.890431;SB*;v2.0-53-g98db238
roadmap;dimacs;65;80;820228;432046;1;1193.18;0.800939;SB*;v2.0-53-g98db238
roadmap;dimacs;66;80;523760;399722;50;2389.55;10.2869;SB*;v2.0-53-g98db238
roadmap;dimacs;67;80;340158;180797;1;1168.8;0.867305;SB*;v2.0-53-g98db238
roadmap;dimacs;68;80;81505;409710;1;1168.8;1.12156;SB*;v2.0-53-g98db238
roadmap;dimacs;69;80;281091;233813;33;1903.42;15.2652;SB*;v2.0-53-g98db238
roadmap;dimacs;70;80;286191;713292;1;1168.8;0.730102;SB*;v2.0-53-g98db238
roadmap;dimacs;71;80;927103;450702;58;2618.21;5.79918;SB*;v2.0-53-g98db238
roadmap;dimacs;72;80;399509;654693;17;1446.33;0.850324;SB*;v2.0-53-g98db238
roadmap;dimacs;73;80;69391;916399;10;1246.25;1.30352;SB*;v2.0-53-g98db238
roadmap;dimacs;74;80;95369;29852;17;1448.2;1.86612;SB*;v2.0-53-g98db238
roadmap;dimacs;75;80;399899;58855;12;1303.42;1.50307;SB*;v2.0-53-g98db238
roadmap;dimacs;76;80;860874;76988;1;1217.8;0.822762;SB*;v2.0-53-g98db238
roadmap;dimacs;77;80;756021;168045;1;1217.8;1.05549;SB*;v2.0-53-g98db238
roadmap;dimacs;78;80;955341;203191;1;1217.8;0.90802;SB*;v2.0-53-g98db238
roadmap;dimacs;79;80;206250;889026;228;7476.99;48.1546;SB*;v2.0-53-g98db238
roadmap;dimacs;80;80;925527;539386;9;1217.54;3.17765;SB*;v2.0-53-g98db238
roadmap;dimacs;81;80;63851;893869;1;1217.68;0.654343;SB*;v2.0-53-g98db238
roadmap;dimacs;82;80;829760;490849;64;2789.7;8.70072;SB*;v2.0-53-g98db238
roadmap;dimacs;83;80;745383;65573;53;2481.23;15.1676;SB*;v2.0-53-g98db238
roadmap;dimacs;84;80;660170;779974;1;1168.8;0.990302;SB*;v2.0-53-g98db238
roadmap;dimacs;85;80;617638;129056;1;1168.8;1.38272;SB*;v2.0-53-g98db238
roadmap;dimacs;86;80;911994;444759;1;1168.8;1.24543;SB*;v2.0-53-g98db238
roadmap;dimacs;87;80;10763;141032;7;1185.01;2.74487;SB*;v2.0-53-g98db238
roadmap;dimacs;88;80;410479;564107;31;1862.82;3.34289;SB*;v2.0-53-g98db238
roadmap;dimacs;89;80;662614;317257;1;1168.8;0.608285;SB*;v2.0-53-g98db238
roadmap;dimacs;90;80;678985;821905;1;1168.8;0.849348;SB*;v2.0-53-g98db238
roadmap;dimacs;91;80;782289;952811;207;6893.29;39.3286;SB*;v2.0-53-g98db238
roadmap;dimacs;92;80;514457;779839;67;2891.78;11.655;SB*;v2.0-53-g98db238
roadmap;dimacs;93;80;1012706;632574;2;1168.8;1.02267;SB*;v2.0-53-g98db238
roadmap;dimacs;94;80;451563;498369;5;1168.8;1.36281;SB*;v2.0-53-g98db238
roadmap;dimacs;95;80;42793;792875;21;1577;7.99137;SB*;v2.0-53-g98db238
roadmap;dimacs;96;80;870793;417684;151;5292.57;36.9929;SB*;v2.0-53-g98db238
roadmap;dimacs;97;80;675683;967864;23;1634.16;7.31688;SB*;v2.0-53-g98db238
roadmap;dimacs;98;80;190012;547880;1;1168.8;1.11448;SB*;v2.0-53-g98db238
roadmap;dimacs;99;80;581175;726674;1;1168.8;0.660711;SB*;v2.0-53-g98db238
roadmap;dimacs;0;90;883356;105386;13;1348.34;3.50912;SB*;v2.0-53-g98db238
roadmap;dimacs;1;90;149794;92632;1;1168.8;1.1164;SB*;v2.0-53-g98db238
roadmap;dimacs;2;90;623571;945900;1;1168.8;1.28634;SB*;v2.0-53-g98db238
roadmap;dimacs;3;90;294831;573571;1;1168.8;0.894891;SB*;v2.0-53-g98db238
roadmap;dimacs;4;90;936193;1006096;2;1168.8;1.36492;SB*;v2.0-53-g98db238
roadmap;dimacs;5;90;815886;19665;5;1168.8;1.08663;SB*;v2.0-53-g98db238
roadmap;dimacs;6;90;298849;646451;1;1168.8;1.26373;SB*;v2.0-53-g98db238
roadmap;dimacs;7;90;310391;1015181;11;1291.18;1.21537;SB*;v2.0-53-g98db238
roadmap;dimacs;8;90;868761;91493;27;1748.49;6.14005;SB*;v2.0-53-g98db238
roadmap;dimacs;9;90;890642;1062512;66;2863.2;12.7951;SB*;v2.0-53-g98db238
roadmap;dimacs;10;90;582136;473282;1;1205.55;1.35199;SB*;v2.0-53-g98db238
roadmap;dimacs;11;90;564482;405363;66;2866.34;13.1541;SB*;v2.0-53-g98db238
roadmap;dimacs;12;90;291936;838165;1;1168.8;1.11457;SB*;v2.0-53-g98db238
roadmap;dimacs;13;90;955479;136626;1;1168.8;1.06229;SB*;v2.0-53-g98db238
roadmap;dimacs;14;90;643325;1010122;55;2548.79;3.14412;SB*;v2.0-53-g98db238
roadmap;dimacs;15;90;456649;695270;1;1168.8;1.07085;SB*;v2.0-53-g98db238
roadmap;dimacs;16;90;978938;710219;19;1519.83;2.03032;SB*;v2.0-53-g98db238
roadmap;dimacs;17;90;875760;608511;1;1168.8;1.11873;SB*;v2.0-53-g98db238
roadmap;dimacs;18;90;821322;475213;15;1405.5;1.84578;SB*;v2.0-53-g98db238
roadmap;dimacs;19;90;690387;193137;5;1168.8;2.31021;SB*;v2.0-53-g98db238
roadmap;dimacs;20;90;1026795;530173;48;2348.71;2.40283;SB*;v2.0-53-g98db238
roadmap;dimacs;21;90;1013587;979915;148;5206.94;25.7449;SB*;v2.0-53-g98db238
roadmap;dimacs;22;90;344428;623929;1;1168.8;0.997409;SB*;v2.0-53-g98db238
roadmap;dimacs;23;90;1047069;734986;9;1234;2.50086;SB*;v2.0-53-g98db238
roadmap;dimacs;24;90;916282;284238;1;1168.8;1.3524;SB*;v2.0-53-g98db238
roadmap;dimacs;25;90;873798;670800;443;13638.5;22.6954;SB*;v2.0-53-g98db238
roadmap;dimacs;26;90;887865;489833;2;1177.16;1.31204;SB*;v2.0-53-g98db238
roadmap;dimacs;27;90;208817;287658;1;1177.16;0.775852;SB*;v2.0-53-g98db238
roadmap;dimacs;28;90;243713;720933;4;1177.16;1.78515;SB*;v2.0-53-g98db238
roadmap;dimacs;29;90;704466;104814;1;1177.16;0.910508;SB*;v2.0-53-g98db238
roadmap;dimacs;30;90;710104;785562;9;1234;0.910987;SB*;v2.0-53-g98db238
roadmap;dimacs;31;90;1026321;586782;5;1168.8;1.38504;SB*;v2.0-53-g98db238
roadmap;dimacs;32;90;206993;152843;55;2548.79;12.676;SB*;v2.0-53-g98db238
roadmap;dimacs;33;90;845953;150468;1;1205.55;0.887015;SB*;v2.0-53-g98db238
roadmap;dimacs;34;90;693526;1020576;11;1291.18;1.14718;SB*;v2.0-53-g98db238
roadmap;dimacs;35;90;879213;783527;1;1205.55;1.00028;SB*;v2.0-53-g98db238
roadmap;dimacs;36;90;367499;724519;1;1205.55;1.02325;SB*;v2.0-53-g98db238
roadmap;dimacs;37;90;979339;55064;63;2777.45;4.97522;SB*;v2.0-53-g98db238
roadmap;dimacs;38;90;559162;220555;1;1168.8;1.14188;SB*;v2.0-53-g98db238
roadmap;dimacs;39;90;762591;343284;1;1168.8;1.11734;SB*;v2.0-53-g98db238
roadmap;dimacs;40;90;1044400;117480;1;1168.8;1.28064;SB*;v2.0-53-g98db238
roadmap;dimacs;41;90;363248;170298;1;1168.8;0.993657;SB*;v2.0-53-g98db238
roadmap;dimacs;42;90;1009437;144357;1;1168.8;1.0418;SB*;v2.0-53-g98db238
roadmap;dimacs;43;90;543673;860935;10;1262.59;1.4217;SB*;v2.0-53-g98db238
roadmap;dimacs;44;90;261055;180190;1;1168.8;1.40187;SB*;v2.0-53-g98db238
roadmap;dimacs;45;90;618550;765686;1;1168.8;1.31143;SB*;v2.0-53-g98db238
roadmap;dimacs;46;90;75381;791488;1;1168.8;1.23741;SB*;v2.0-53-g98db238
roadmap;dimacs;47;90;957081;528466;1;1168.8;0.744352;SB*;v2.0-53-g98db238
roadmap;dimacs;48;90;730492;1045754;1;1168.8;1.21291;SB*;v2.0-53-g98db238
roadmap;dimacs;49;90;873454;405061;184;6235.71;24.5933;SB*;v2.0-53-g98db238
roadmap;dimacs;50;90;242881;280556;2;1168.8;0.88597;SB*;v2.0-53-g98db238
roadmap;dimacs;51;90;1018486;744416;5;1168.8;1.27077;SB*;v2.0-53-g98db238
roadmap;dimacs;52;90;458576;200599;1;1168.8;1.21654;SB*;v2.0-53-g98db238
roadmap;dimacs;53;90;283625;404396;109;4092;5.74325;SB*;v2.0-53-g98db238
roadmap;dimacs;54;90;1008244;454501;1;1168.8;1.14249;SB*;v2.0-53-g98db238
roadmap;dimacs;55;90;639856;761049;1;1168.8;1.23555;SB*;v2.0-53-g98db238
roadmap;dimacs;56;90;1065961;78609;1;1168.8;1.26202;SB*;v2.0-53-g98db238
roadmap;dimacs;57;90;145287;644094;3;1168.8;1.47537;SB*;v2.0-53-g98db238
roadmap;dimacs;58;90;499326;463575;5;1185.01;1.64433;SB*;v2.0-53-g98db238
roadmap;dimacs;59;90;42027;799520;37;2034.31;12.5727;SB*;v2.0-53-g98db238
roadmap;dimacs;60;90;875815;99474;5;1176.96;2.08511;SB*;v2.0-53-g98db238
roadmap;dimacs;61;90;841151;944170;100;3834.76;39.4239;SB*;v2.0-53-g98db238
roadmap;dimacs;62;90;1008492;209637;10;1262.47;1.19818;SB*;v2.0-53-g98db238
roadmap;dimacs;63;90;576155;823564;1;1168.8;1.18476;SB*;v2.0-53-g98db238
roadmap;dimacs;64;90;803438;501581;2;1168.8;0.962483;SB*;v2.0-53-g98db238
roadmap;dimacs;65;90;820228;432046;1;1168.8;0.892803;SB*;v2.0-53-g98db238
roadmap;dimacs;66;90;523760;399722;51;2434.46;10.5154;SB*;v2.0-53-g98db238
roadmap;dimacs;67;90;340158;180797;1;1168.8;1.02852;SB*;v2.0-53-g98db238
roadmap;dimacs;68;90;81505;409710;1;1168.8;1.19304;SB*;v2.0-53-g98db238
roadmap;dimacs;69;90;281091;233813;44;2234.39;20.5721;SB*;v2.0-53-g98db238
roadmap;dimacs;70;90;286191;713292;1;1176.96;0.811919;SB*;v2.0-53-g98db238
roadmap;dimacs;71;90;927103;450702;60;2691.7;6.937;SB*;v2.0-53-g98db238
roadmap;dimacs;72;90;399509;654693;25;1691.32;1.54097;SB*;v2.0-53-g98db238
roadmap;dimacs;73;90;69391;916399;11;1291.18;1.62035;SB*;v2.0-53-g98db238
roadmap;dimacs;74;90;95369;29852;17;1462.67;1.9261;SB*;v2.0-53-g98db238
roadmap;dimacs;75;90;399899;58855;12;1319.75;1.58977;SB*;v2.0-53-g98db238
roadmap;dimacs;76;90;860874;76988;1;1168.8;0.905478;SB*;v2.0-53-g98db238
roadmap;dimacs;77;90;756021;168045;1;1168.8;1.20813;SB*;v2.0-53-g98db238
roadmap;dimacs;78;90;955341;203191;1;1168.8;0.980269;SB*;v2.0-53-g98db238
roadmap;dimacs;79;90;206250;889026;259;8379.38;55.36;SB*;v2.0-53-g98db238
roadmap;dimacs;80;90;925527;539386;11;1291.06;3.36905;SB*;v2.0-53-g98db238
roadmap;dimacs;81;90;63851;893869;1;1168.8;0.731866;SB*;v2.0-53-g98db238
roadmap;dimacs;82;90;829760;490849;69;2948.94;8.92366;SB*;v2.0-53-g98db238
roadmap;dimacs;83;90;745383;65573;66;2863.2;18.9961;SB*;v2.0-53-g98db238
roadmap;dimacs;84;90;660170;779974;1;1168.8;1.08785;SB*;v2.0-53-g98db238
roadmap;dimacs;85;90;617638;129056;1;1168.8;1.46658;SB*;v2.0-53-g98db238
roadmap;dimacs;86;90;911994;444759;1;1168.8;1.33531;SB*;v2.0-53-g98db238
roadmap;dimacs;87;90;10763;141032;7;1193.18;2.88571;SB*;v2.0-53-g98db238
roadmap;dimacs;88;90;410479;564107;34;1960.82;3.45029;SB*;v2.0-53-g98db238
roadmap;dimacs;89;90;662614;317257;1;1168.8;0.697364;SB*;v2.0-53-g98db238
roadmap;dimacs;90;90;678985;821905;1;1168.8;0.907837;SB*;v2.0-53-g98db238
roadmap;dimacs;91;90;782289;952811;289;9249.29;56.7965;SB*;v2.0-53-g98db238
roadmap;dimacs;92;90;514457;779839;75;3132.68;12.9005;SB*;v2.0-53-g98db238
roadmap;dimacs;93;90;1012706;632574;2;1168.8;1.10482;SB*;v2.0-53-g98db238
roadmap;dimacs;94;90;451563;498369;5;1168.8;1.4429;SB*;v2.0-53-g98db238
roadmap;dimacs;95;90;42793;792875;27;1760.74;10.1484;SB*;v2.0-53-g98db238
roadmap;dimacs;96;90;870793;417684;176;6019.3;42.9264;SB*;v2.0-53-g98db238
roadmap;dimacs;97;90;675683;967864;25;1703.57;8.45294;SB*;v2.0-53-g98db238
roadmap;dimacs;98;90;190012;547880;1;1168.8;1.18752;SB*;v2.0-53-g98db238
roadmap;dimacs;99;90;581175;726674;1;1168.8;0.754266;SB*;v2.0-53-g98db238
roadmap;dimacs;0;100;883356;105386;15;1417.75;4.02003;SB*;v2.0-53-g98db238
roadmap;dimacs;1;100;149794;92632;1;1185.01;1.21559;SB*;v2.0-53-g98db238
roadmap;dimacs;2;100;623571;945900;1;1185.01;1.38077;SB*;v2.0-53-g98db238
roadmap;dimacs;3;100;294831;573571;1;1185.01;0.985464;SB*;v2.0-53-g98db238
roadmap;dimacs;4;100;936193;1006096;2;1185.01;1.42727;SB*;v2.0-53-g98db238
roadmap;dimacs;5;100;815886;19665;5;1185.01;1.15715;SB*;v2.0-53-g98db238
roadmap;dimacs;6;100;298849;646451;1;1185.01;1.3547;SB*;v2.0-53-g98db238
roadmap;dimacs;7;100;310391;1015181;12;1332;1.31199;SB*;v2.0-53-g98db238
roadmap;dimacs;8;100;868761;91493;27;1760.74;6.27233;SB*;v2.0-53-g98db238
roadmap;dimacs;9;100;890642;1062512;71;3018.36;14.005;SB*;v2.0-53-g98db238
roadmap;dimacs;10;100;582136;473282;1;1217.8;1.44956;SB*;v2.0-53-g98db238
roadmap;dimacs;11;100;564482;405363;76;3161.27;15.0476;SB*;v2.0-53-g98db238
roadmap;dimacs;12;100;291936;838165;1;1185.14;1.17364;SB*;v2.0-53-g98db238
roadmap;dimacs;13;100;955479;136626;1;1185.14;1.13197;SB*;v2.0-53-g98db238
roadmap;dimacs;14;100;643325;1010122;61;2732.54;3.40206;SB*;v2.0-53-g98db238
roadmap;dimacs;15;100;456649;695270;1;1185.01;1.18021;SB*;v2.0-53-g98db238
roadmap;dimacs;16;100;978938;710219;21;1589.02;2.28042;SB*;v2.0-53-g98db238
roadmap;dimacs;17;100;875760;608511;1;1168.8;1.20091;SB*;v2.0-53-g98db238
roadmap;dimacs;18;100;821322;475213;17;1474.92;1.93166;SB*;v2.0-53-g98db238
roadmap;dimacs;19;100;690387;193137;5;1185.01;2.38206;SB*;v2.0-53-g98db238
roadmap;dimacs;20;100;1026795;530173;51;2446.71;2.5621;SB*;v2.0-53-g98db238
roadmap;dimacs;21;100;1013587;979915;173;5925.87;31.2635;SB*;v2.0-53-g98db238
roadmap;dimacs;22;100;344428;623929;1;1177.34;1.09542;SB*;v2.0-53-g98db238
roadmap;dimacs;23;100;1047069;734986;13;1360.59;3.19047;SB*;v2.0-53-g98db238
roadmap;dimacs;24;100;916282;284238;1;1194.07;1.44399;SB*;v2.0-53-g98db238
roadmap;dimacs;25;100;873798;670800;585;17716.2;30.2042;SB*;v2.0-53-g98db238
roadmap;dimacs;26;100;887865;489833;2;17724.5;1.3496;SB*;v2.0-53-g98db238
roadmap;dimacs;27;100;208817;287658;1;17724.5;0.860852;SB*;v2.0-53-g98db238
roadmap;dimacs;28;100;243713;720933;8;17724.5;2.585;SB*;v2.0-53-g98db238
roadmap;dimacs;29;100;704466;104814;1;17724.5;1.0065;SB*;v2.0-53-g98db238
roadmap;dimacs;30;100;710104;785562;9;17724.5;0.957876;SB*;v2.0-53-g98db238
roadmap;dimacs;31;100;1026321;586782;5;17724.5;1.46389;SB*;v2.0-53-g98db238
roadmap;dimacs;32;100;206993;152843;59;17724.5;13.821;SB*;v2.0-53-g98db238
roadmap;dimacs;33;100;845953;150468;1;17724.5;0.947908;SB*;v2.0-53-g98db238
roadmap;dimacs;34;100;693526;1020576;11;17724.5;1.21947;SB*;v2.0-53-g98db238
roadmap;dimacs;35;100;879213;783527;1;17724.5;1.08333;SB*;v2.0-53-g98db238
roadmap;dimacs;36;100;367499;724519;1;17724.5;1.09164;SB*;v2.0-53-g98db238
roadmap;dimacs;37;100;979339;55064;72;17724.5;5.19508;SB*;v2.0-53-g98db238
roadmap;dimacs;38;100;559162;220555;1;17724.5;1.20951;SB*;v2.0-53-g98db238
roadmap;dimacs;39;100;762591;343284;1;17724.5;1.18742;SB*;v2.0-53-g98db238
roadmap;dimacs;40;100;1044400;117480;3;17724.5;1.66127;SB*;v2.0-53-g98db238
roadmap;dimacs;41;100;363248;170298;1;17724.5;1.08452;SB*;v2.0-53-g98db238
roadmap;dimacs;42;100;1009437;144357;1;17724.5;1.17785;SB*;v2.0-53-g98db238
roadmap;dimacs;43;100;543673;860935;10;17724.5;1.50819;SB*;v2.0-53-g98db238
roadmap;dimacs;44;100;261055;180190;1;17724.5;1.44379;SB*;v2.0-53-g98db238
roadmap;dimacs;45;100;618550;765686;1;17724.5;1.39911;SB*;v2.0-53-g98db238
roadmap;dimacs;46;100;75381;791488;1;17724.5;1.31605;SB*;v2.0-53-g98db238
roadmap;dimacs;47;100;957081;528466;1;17724.5;0.822899;SB*;v2.0-53-g98db238
roadmap;dimacs;48;100;730492;1045754;1;17724.5;1.29143;SB*;v2.0-53-g98db238
roadmap;dimacs;49;100;873454;405061;190;17724.5;24.3217;SB*;v2.0-53-g98db238
roadmap;dimacs;50;100;242881;280556;2;17724.5;0.983806;SB*;v2.0-53-g98db238
roadmap;dimacs;51;100;1018486;744416;5;17724.5;1.38459;SB*;v2.0-53-g98db238
roadmap;dimacs;52;100;458576;200599;1;17724.5;1.29282;SB*;v2.0-53-g98db238
roadmap;dimacs;53;100;283625;404396;124;17724.5;6.0323;SB*;v2.0-53-g98db238
roadmap;dimacs;54;100;1008244;454501;1;17724.5;1.2241;SB*;v2.0-53-g98db238
roadmap;dimacs;55;100;639856;761049;1;17724.5;1.37007;SB*;v2.0-53-g98db238
roadmap;dimacs;56;100;1065961;78609;1;17724.5;1.33931;SB*;v2.0-53-g98db238
roadmap;dimacs;57;100;145287;644094;3;17724.5;1.56276;SB*;v2.0-53-g98db238
roadmap;dimacs;58;100;499326;463575;5;17724.5;1.71649;SB*;v2.0-53-g98db238
roadmap;dimacs;59;100;42027;799520;45;17724.5;15.0089;SB*;v2.0-53-g98db238
roadmap;dimacs;60;100;875815;99474;5;17724.5;2.16616;SB*;v2.0-53-g98db238
roadmap;dimacs;61;100;841151;944170;107;17724.5;40.8115;SB*;v2.0-53-g98db238
roadmap;dimacs;62;100;1008492;209637;11;17724.5;1.27134;SB*;v2.0-53-g98db238
roadmap;dimacs;63;100;576155;823564;1;17724.5;1.28806;SB*;v2.0-53-g98db238
roadmap;dimacs;64;100;803438;501581;2;17724.5;1.04645;SB*;v2.0-53-g98db238
roadmap;dimacs;65;100;820228;432046;1;17724.5;0.955965;SB*;v2.0-53-g98db238
roadmap;dimacs;66;100;523760;399722;57;17724.5;11.2825;SB*;v2.0-53-g98db238
roadmap;dimacs;67;100;340158;180797;1;17724.5;1.1012;SB*;v2.0-53-g98db238
roadmap;dimacs;68;100;81505;409710;1;17724.5;1.30371;SB*;v2.0-53-g98db238
roadmap;dimacs;69;100;281091;233813;45;17724.5;20.672;SB*;v2.0-53-g98db238
roadmap;dimacs;70;100;286191;713292;1;17724.5;0.888216;SB*;v2.0-53-g98db238
roadmap;dimacs;71;100;927103;450702;65;17724.5;9.19524;SB*;v2.0-53-g98db238
roadmap;dimacs;72;100;399509;654693;27;17724.5;2.03786;SB*;v2.0-53-g98db238
roadmap;dimacs;73;100;69391;916399;12;17724.5;1.70239;SB*;v2.0-53-g98db238
roadmap;dimacs;74;100;95369;29852;18;17724.5;2.01448;SB*;v2.0-53-g98db238
roadmap;dimacs;75;100;399899;58855;13;17724.5;1.6738;SB*;v2.0-53-g98db238
roadmap;dimacs;76;100;860874;76988;1;17724.5;0.989414;SB*;v2.0-53-g98db238
roadmap;dimacs;77;100;756021;168045;1;17724.5;1.29563;SB*;v2.0-53-g98db238
roadmap;dimacs;78;100;955341;203191;1;17724.5;1.05515;SB*;v2.0-53-g98db238
roadmap;dimacs;79;100;206250;889026;286;17724.5;60.2469;SB*;v2.0-53-g98db238
roadmap;dimacs;80;100;925527;539386;17;17724.5;4.62324;SB*;v2.0-53-g98db238
roadmap;dimacs;81;100;63851;893869;1;17724.5;0.806064;SB*;v2.0-53-g98db238
roadmap;dimacs;82;100;829760;490849;82;17724.5;11.9097;SB*;v2.0-53-g98db238
roadmap;dimacs;83;100;745383;65573;69;17724.5;19.1975;SB*;v2.0-53-g98db238
roadmap;dimacs;84;100;660170;779974;1;17724.5;1.16481;SB*;v2.0-53-g98db238
roadmap;dimacs;85;100;617638;129056;1;17724.5;1.58468;SB*;v2.0-53-g98db238
roadmap;dimacs;86;100;911994;444759;1;17724.5;1.46726;SB*;v2.0-53-g98db238
roadmap;dimacs;87;100;10763;141032;13;17724.5;4.64883;SB*;v2.0-53-g98db238
roadmap;dimacs;88;100;410479;564107;39;17724.5;3.50115;SB*;v2.0-53-g98db238
roadmap;dimacs;89;100;662614;317257;1;17724.5;0.760285;SB*;v2.0-53-g98db238
roadmap;dimacs;90;100;678985;821905;1;17724.5;1.00811;SB*;v2.0-53-g98db238
roadmap;dimacs;91;100;782289;952811;323;17724.5;61.1311;SB*;v2.0-53-g98db238
roadmap;dimacs;92;100;514457;779839;80;17724.5;13.6444;SB*;v2.0-53-g98db238
roadmap;dimacs;93;100;1012706;632574;2;17724.5;1.21255;SB*;v2.0-53-g98db238
roadmap;dimacs;94;100;451563;498369;5;17724.5;1.53724;SB*;v2.0-53-g98db238
roadmap;dimacs;95;100;42793;792875;33;17724.5;12.2247;SB*;v2.0-53-g98db238
roadmap;dimacs;96;100;870793;417684;201;17724.5;48.5761;SB*;v2.0-53-g98db238
roadmap;dimacs;97;100;675683;967864;25;17724.5;8.48078;SB*;v2.0-53-g98db238
roadmap;dimacs;98;100;190012;547880;1;17724.5;1.30252;SB*;v2.0-53-g98db238
roadmap;dimacs;99;100;581175;726674;1;17724.5;0.823365;SB*;v2.0-53-g98db238
