domain;variant;id;k;start;goal;h0;length;cost;expansions;nbcentroids;mem;runtime;expansions/sec;solver;doctor;version
n-puzzle;heavy-cost;00/1;1;0 1 9 7 11 13 5 3 14 12 4 2 8 6 10 15 ;0 1 2 3 4 5 6 7 8 9 10 11 12 13 14 15 ;232;48;314;42337;1;77;0.0791;535234;BELA*;? Unchecked;v1.6.0-15-gb5144bf
n-puzzle;heavy-cost;01/1;1;14 1 9 6 4 8 12 5 7 2 3 0 10 11 13 15 ;0 1 2 3 4 5 6 7 8 9 10 11 12 13 14 15 ;302;45;340;29261;1;66;0.0369604;791685;BELA*;? Unchecked;v1.6.0-15-gb5144bf
n-puzzle;heavy-cost;02/1;1;4 5 7 2 9 14 12 13 0 3 6 11 8 1 15 10 ;0 1 2 3 4 5 6 7 8 9 10 11 12 13 14 15 ;249;42;313;16725;1;66;0.0207001;807967;BELA*;? Unchecked;v1.6.0-15-gb5144bf
n-puzzle;heavy-cost;03/1;1;13 8 14 3 9 1 0 7 15 5 4 10 12 2 6 11 ;0 1 2 3 4 5 6 7 8 9 10 11 12 13 14 15 ;255;41;325;148592;1;249;0.251998;589656;BELA*;? Unchecked;v1.6.0-15-gb5144bf
n-puzzle;heavy-cost;04/1;1;9 14 5 7 8 15 1 2 10 4 13 6 12 0 11 3 ;0 1 2 3 4 5 6 7 8 9 10 11 12 13 14 15 ;271;44;325;110405;1;251;0.163701;674429;BELA*;? Unchecked;v1.6.0-15-gb5144bf
n-puzzle;heavy-cost;05/1;1;7 11 8 3 14 0 6 15 1 4 13 9 5 12 2 10 ;0 1 2 3 4 5 6 7 8 9 10 11 12 13 14 15 ;298;46;368;1158922;1;1206;2.31951;499641;BELA*;? Unchecked;v1.6.0-15-gb5144bf
n-puzzle;heavy-cost;06/1;1;5 7 11 8 0 14 9 13 10 12 3 15 6 1 4 2 ;0 1 2 3 4 5 6 7 8 9 10 11 12 13 14 15 ;335;53;383;88304;1;1206;0.120835;730782;BELA*;? Unchecked;v1.6.0-15-gb5144bf
n-puzzle;heavy-cost;07/1;1;6 10 1 14 15 8 3 5 13 0 2 7 4 9 11 12 ;0 1 2 3 4 5 6 7 8 9 10 11 12 13 14 15 ;324;47;406;2771517;1;3480;5.43222;510199;BELA*;? Unchecked;v1.6.0-15-gb5144bf
n-puzzle;heavy-cost;08/1;1;13 9 14 6 12 8 1 2 3 4 0 7 5 10 11 15 ;0 1 2 3 4 5 6 7 8 9 10 11 12 13 14 15 ;257;46;353;4834403;1;5742;10.2459;471839;BELA*;? Unchecked;v1.6.0-15-gb5144bf
n-puzzle;heavy-cost;09/1;1;3 14 9 11 5 4 8 2 13 12 6 7 10 1 15 0 ;0 1 2 3 4 5 6 7 8 9 10 11 12 13 14 15 ;262;46;324;102940;1;5742;0.159314;646147;BELA*;? Unchecked;v1.6.0-15-gb5144bf
n-puzzle;heavy-cost;10/1;1;14 13 4 11 15 8 6 9 0 7 3 1 2 10 12 5 ;0 1 2 3 4 5 6 7 8 9 10 11 12 13 14 15 ;369;56;463;15472595;1;16762;33.4408;462686;BELA*;? Unchecked;v1.6.0-15-gb5144bf
n-puzzle;heavy-cost;11/1;1;8 11 4 6 7 3 10 9 2 12 15 13 0 1 5 14 ;0 1 2 3 4 5 6 7 8 9 10 11 12 13 14 15 ;284;49;348;408907;1;16762;0.698181;585675;BELA*;? Unchecked;v1.6.0-15-gb5144bf
n-puzzle;heavy-cost;12/1;1;12 15 2 6 1 14 4 8 5 3 7 0 10 13 9 11 ;0 1 2 3 4 5 6 7 8 9 10 11 12 13 14 15 ;302;51;386;2331672;1;16762;4.28943;543586;BELA*;? Unchecked;v1.6.0-15-gb5144bf
n-puzzle;heavy-cost;13/1;1;6 0 5 10 11 12 9 2 1 7 4 3 14 8 13 15 ;0 1 2 3 4 5 6 7 8 9 10 11 12 13 14 15 ;259;45;325;495492;1;16762;0.828168;598299;BELA*;? Unchecked;v1.6.0-15-gb5144bf
n-puzzle;heavy-cost;14/1;1;12 8 15 13 1 0 5 4 6 3 2 11 9 7 14 10 ;0 1 2 3 4 5 6 7 8 9 10 11 12 13 14 15 ;304;50;400;15446033;1;20214;34.1866;451815;BELA*;? Unchecked;v1.6.0-15-gb5144bf
n-puzzle;heavy-cost;15/1;1;4 7 13 10 1 2 9 6 12 8 14 5 3 0 11 15 ;0 1 2 3 4 5 6 7 8 9 10 11 12 13 14 15 ;226;48;316;353522;1;20214;0.631573;559748;BELA*;? Unchecked;v1.6.0-15-gb5144bf
n-puzzle;heavy-cost;16/1;1;6 14 10 5 15 8 7 1 3 4 2 0 12 9 11 13 ;0 1 2 3 4 5 6 7 8 9 10 11 12 13 14 15 ;294;49;350;108179;1;20214;0.15572;694703;BELA*;? Unchecked;v1.6.0-15-gb5144bf
n-puzzle;heavy-cost;17/1;1;13 14 6 12 4 5 1 0 9 3 10 2 15 11 8 7 ;0 1 2 3 4 5 6 7 8 9 10 11 12 13 14 15 ;331;52;427;2987147;1;20214;5.64249;529402;BELA*;? Unchecked;v1.6.0-15-gb5144bf
n-puzzle;heavy-cost;18/1;1;3 14 9 7 12 15 0 4 1 8 5 6 11 10 2 13 ;0 1 2 3 4 5 6 7 8 9 10 11 12 13 14 15 ;324;53;394;774845;1;20214;1.34696;575254;BELA*;? Unchecked;v1.6.0-15-gb5144bf
n-puzzle;heavy-cost;19/1;1;6 13 3 2 11 9 5 10 1 7 12 14 8 4 0 15 ;0 1 2 3 4 5 6 7 8 9 10 11 12 13 14 15 ;248;45;316;60547;1;20214;0.0809402;748046;BELA*;? Unchecked;v1.6.0-15-gb5144bf
n-puzzle;heavy-cost;20/1;1;4 3 6 13 7 15 9 0 10 5 8 11 2 12 1 14 ;0 1 2 3 4 5 6 7 8 9 10 11 12 13 14 15 ;261;52;373;581959;1;20214;0.969182;600464;BELA*;? Unchecked;v1.6.0-15-gb5144bf
n-puzzle;heavy-cost;21/1;1;5 4 7 1 11 12 14 15 10 13 8 6 2 0 9 3 ;0 1 2 3 4 5 6 7 8 9 10 11 12 13 14 15 ;270;50;396;1101459;1;20214;1.95818;562491;BELA*;? Unchecked;v1.6.0-15-gb5144bf
n-puzzle;heavy-cost;22/1;1;5 11 6 9 4 13 12 0 8 2 15 10 1 7 3 14 ;0 1 2 3 4 5 6 7 8 9 10 11 12 13 14 15 ;274;56;376;1242350;1;20214;2.16015;575122;BELA*;? Unchecked;v1.6.0-15-gb5144bf
n-puzzle;heavy-cost;23/1;1;5 7 0 11 12 1 9 10 15 6 2 3 8 4 13 14 ;0 1 2 3 4 5 6 7 8 9 10 11 12 13 14 15 ;245;44;321;957463;1;20214;1.74832;547648;BELA*;? Unchecked;v1.6.0-15-gb5144bf
n-puzzle;heavy-cost;24/1;1;13 0 9 12 11 6 3 5 15 8 1 10 4 14 2 7 ;0 1 2 3 4 5 6 7 8 9 10 11 12 13 14 15 ;340;55;444;13135600;1;21573;27.2732;481630;BELA*;? Unchecked;v1.6.0-15-gb5144bf
n-puzzle;heavy-cost;25/1;1;3 14 13 6 4 15 8 9 5 12 10 0 2 7 1 11 ;0 1 2 3 4 5 6 7 8 9 10 11 12 13 14 15 ;327;53;397;315101;1;21573;0.479686;656890;BELA*;? Unchecked;v1.6.0-15-gb5144bf
n-puzzle;heavy-cost;26/1;1;4 7 14 13 10 3 9 12 11 5 6 15 1 2 8 0 ;0 1 2 3 4 5 6 7 8 9 10 11 12 13 14 15 ;344;62;436;2686954;1;21573;4.64;579085;BELA*;? Unchecked;v1.6.0-15-gb5144bf
n-puzzle;heavy-cost;27/1;1;3 6 5 2 10 0 15 14 1 4 13 12 9 8 11 7 ;0 1 2 3 4 5 6 7 8 9 10 11 12 13 14 15 ;305;50;365;286809;1;21573;0.459668;623948;BELA*;? Unchecked;v1.6.0-15-gb5144bf
n-puzzle;heavy-cost;28/1;1;1 7 15 14 2 6 4 9 12 11 13 3 0 8 5 10 ;0 1 2 3 4 5 6 7 8 9 10 11 12 13 14 15 ;302;53;376;479522;1;21573;0.784358;611356;BELA*;? Unchecked;v1.6.0-15-gb5144bf
n-puzzle;heavy-cost;29/1;1;5 0 15 8 4 6 1 14 10 11 3 9 7 12 2 13 ;0 1 2 3 4 5 6 7 8 9 10 11 12 13 14 15 ;308;51;394;1004122;1;21573;1.72682;581488;BELA*;? Unchecked;v1.6.0-15-gb5144bf
n-puzzle;heavy-cost;30/1;1;13 5 4 10 9 12 8 14 2 3 7 1 0 15 11 6 ;0 1 2 3 4 5 6 7 8 9 10 11 12 13 14 15 ;327;59;389;1240817;1;21573;2.07709;597382;BELA*;? Unchecked;v1.6.0-15-gb5144bf
n-puzzle;heavy-cost;31/1;1;10 9 3 11 0 13 2 14 5 6 4 7 8 15 1 12 ;0 1 2 3 4 5 6 7 8 9 10 11 12 13 14 15 ;272;51;384;7904389;1;21573;16.1295;490058;BELA*;? Unchecked;v1.6.0-15-gb5144bf
n-puzzle;heavy-cost;32/1;1;6 12 11 3 13 7 9 15 2 14 8 10 4 1 5 0 ;0 1 2 3 4 5 6 7 8 9 10 11 12 13 14 15 ;288;58;400;5172316;1;21573;9.93074;520839;BELA*;? Unchecked;v1.6.0-15-gb5144bf
n-puzzle;heavy-cost;33/1;1;1 3 2 5 10 9 15 6 8 14 13 11 12 4 7 0 ;0 1 2 3 4 5 6 7 8 9 10 11 12 13 14 15 ;199;46;321;795927;1;21573;1.58382;502537;BELA*;? Unchecked;v1.6.0-15-gb5144bf
n-puzzle;heavy-cost;34/1;1;0 13 2 4 12 14 6 9 15 1 10 3 11 5 8 7 ;0 1 2 3 4 5 6 7 8 9 10 11 12 13 14 15 ;308;54;430;1116019;1;21573;1.8593;600235;BELA*;? Unchecked;v1.6.0-15-gb5144bf
n-puzzle;heavy-cost;35/1;1;7 8 3 2 10 12 4 6 11 13 5 15 0 1 9 14 ;0 1 2 3 4 5 6 7 8 9 10 11 12 13 14 15 ;243;47;313;57987;1;21573;0.0785652;738075;BELA*;? Unchecked;v1.6.0-15-gb5144bf
n-puzzle;heavy-cost;36/1;1;9 0 4 10 1 14 15 3 12 6 5 7 11 13 8 2 ;0 1 2 3 4 5 6 7 8 9 10 11 12 13 14 15 ;278;53;378;645693;1;21573;1.10005;586969;BELA*;? Unchecked;v1.6.0-15-gb5144bf
n-puzzle;heavy-cost;37/1;1;6 11 7 8 13 2 5 4 1 10 3 9 14 0 12 15 ;0 1 2 3 4 5 6 7 8 9 10 11 12 13 14 15 ;268;52;360;4874465;1;21573;9.47759;514315;BELA*;? Unchecked;v1.6.0-15-gb5144bf
n-puzzle;heavy-cost;38/1;1;8 4 6 1 14 12 2 15 13 10 9 5 3 7 0 11 ;0 1 2 3 4 5 6 7 8 9 10 11 12 13 14 15 ;273;49;373;2013247;1;21573;3.7858;531790;BELA*;? Unchecked;v1.6.0-15-gb5144bf
n-puzzle;heavy-cost;39/1;1;4 6 12 0 14 2 9 13 11 8 3 15 7 10 1 5 ;0 1 2 3 4 5 6 7 8 9 10 11 12 13 14 15 ;350;63;464;11896225;1;22116;22.1034;538208;BELA*;? Unchecked;v1.6.0-15-gb5144bf
n-puzzle;heavy-cost;00/2;2;0 1 9 7 11 13 5 3 14 12 4 2 8 6 10 15 ;0 1 2 3 4 5 6 7 8 9 10 11 12 13 14 15 ;232;48;314;42348;2;22116;0.0605512;699375;BELA*;? Unchecked;v1.6.0-15-gb5144bf
n-puzzle;heavy-cost;01/2;2;14 1 9 6 4 8 12 5 7 2 3 0 10 11 13 15 ;0 1 2 3 4 5 6 7 8 9 10 11 12 13 14 15 ;302;47;342;34048;2;22116;0.0415916;818626;BELA*;? Unchecked;v1.6.0-15-gb5144bf
n-puzzle;heavy-cost;02/2;2;4 5 7 2 9 14 12 13 0 3 6 11 8 1 15 10 ;0 1 2 3 4 5 6 7 8 9 10 11 12 13 14 15 ;249;44;315;20565;2;22116;0.0244797;840083;BELA*;? Unchecked;v1.6.0-15-gb5144bf
n-puzzle;heavy-cost;03/2;2;13 8 14 3 9 1 0 7 15 5 4 10 12 2 6 11 ;0 1 2 3 4 5 6 7 8 9 10 11 12 13 14 15 ;255;41;325;174611;2;22116;0.292035;597911;BELA*;? Unchecked;v1.6.0-15-gb5144bf
n-puzzle;heavy-cost;04/2;2;9 14 5 7 8 15 1 2 10 4 13 6 12 0 11 3 ;0 1 2 3 4 5 6 7 8 9 10 11 12 13 14 15 ;271;44;325;110405;1;22116;0.16293;677622;BELA*;? Unchecked;v1.6.0-15-gb5144bf
n-puzzle;heavy-cost;05/2;2;7 11 8 3 14 0 6 15 1 4 13 9 5 12 2 10 ;0 1 2 3 4 5 6 7 8 9 10 11 12 13 14 15 ;298;46;368;1158922;1;22116;2.08596;555581;BELA*;? Unchecked;v1.6.0-15-gb5144bf
n-puzzle;heavy-cost;06/2;2;5 7 11 8 0 14 9 13 10 12 3 15 6 1 4 2 ;0 1 2 3 4 5 6 7 8 9 10 11 12 13 14 15 ;335;53;383;88342;2;22116;0.122062;723750;BELA*;? Unchecked;v1.6.0-15-gb5144bf
n-puzzle;heavy-cost;07/2;2;6 10 1 14 15 8 3 5 13 0 2 7 4 9 11 12 ;0 1 2 3 4 5 6 7 8 9 10 11 12 13 14 15 ;324;49;408;2844856;2;22116;5.13304;554225;BELA*;? Unchecked;v1.6.0-15-gb5144bf
n-puzzle;heavy-cost;08/2;2;13 9 14 6 12 8 1 2 3 4 0 7 5 10 11 15 ;0 1 2 3 4 5 6 7 8 9 10 11 12 13 14 15 ;257;48;355;5336620;2;22116;10.4709;509662;BELA*;? Unchecked;v1.6.0-15-gb5144bf
n-puzzle;heavy-cost;09/2;2;3 14 9 11 5 4 8 2 13 12 6 7 10 1 15 0 ;0 1 2 3 4 5 6 7 8 9 10 11 12 13 14 15 ;262;48;326;121822;2;22116;0.18779;648715;BELA*;? Unchecked;v1.6.0-15-gb5144bf
n-puzzle;heavy-cost;10/2;2;14 13 4 11 15 8 6 9 0 7 3 1 2 10 12 5 ;0 1 2 3 4 5 6 7 8 9 10 11 12 13 14 15 ;369;58;465;15615182;2;25082;31.248;499718;BELA*;? Unchecked;v1.6.0-15-gb5144bf
n-puzzle;heavy-cost;11/2;2;8 11 4 6 7 3 10 9 2 12 15 13 0 1 5 14 ;0 1 2 3 4 5 6 7 8 9 10 11 12 13 14 15 ;284;49;348;408907;1;25082;0.704375;580524;BELA*;? Unchecked;v1.6.0-15-gb5144bf
n-puzzle;heavy-cost;12/2;2;12 15 2 6 1 14 4 8 5 3 7 0 10 13 9 11 ;0 1 2 3 4 5 6 7 8 9 10 11 12 13 14 15 ;302;51;386;2331672;1;25082;4.3227;539402;BELA*;? Unchecked;v1.6.0-15-gb5144bf
n-puzzle;heavy-cost;13/2;2;6 0 5 10 11 12 9 2 1 7 4 3 14 8 13 15 ;0 1 2 3 4 5 6 7 8 9 10 11 12 13 14 15 ;259;45;325;495492;1;25082;0.841196;589033;BELA*;? Unchecked;v1.6.0-15-gb5144bf
n-puzzle;heavy-cost;14/2;2;12 8 15 13 1 0 5 4 6 3 2 11 9 7 14 10 ;0 1 2 3 4 5 6 7 8 9 10 11 12 13 14 15 ;304;50;400;16310661;2;27220;34.9504;466681;BELA*;? Unchecked;v1.6.0-15-gb5144bf
n-puzzle;heavy-cost;15/2;2;4 7 13 10 1 2 9 6 12 8 14 5 3 0 11 15 ;0 1 2 3 4 5 6 7 8 9 10 11 12 13 14 15 ;226;50;318;419203;2;27220;0.73031;574007;BELA*;? Unchecked;v1.6.0-15-gb5144bf
n-puzzle;heavy-cost;16/2;2;6 14 10 5 15 8 7 1 3 4 2 0 12 9 11 13 ;0 1 2 3 4 5 6 7 8 9 10 11 12 13 14 15 ;294;51;352;124522;2;27220;0.179011;695610;BELA*;? Unchecked;v1.6.0-15-gb5144bf
n-puzzle;heavy-cost;17/2;2;13 14 6 12 4 5 1 0 9 3 10 2 15 11 8 7 ;0 1 2 3 4 5 6 7 8 9 10 11 12 13 14 15 ;331;52;427;2987147;1;27220;5.61464;532029;BELA*;? Unchecked;v1.6.0-15-gb5144bf
n-puzzle;heavy-cost;18/2;2;3 14 9 7 12 15 0 4 1 8 5 6 11 10 2 13 ;0 1 2 3 4 5 6 7 8 9 10 11 12 13 14 15 ;324;53;394;774845;1;27220;1.34318;576873;BELA*;? Unchecked;v1.6.0-15-gb5144bf
n-puzzle;heavy-cost;19/2;2;6 13 3 2 11 9 5 10 1 7 12 14 8 4 0 15 ;0 1 2 3 4 5 6 7 8 9 10 11 12 13 14 15 ;248;47;318;65733;2;27220;0.0950495;691566;BELA*;? Unchecked;v1.6.0-15-gb5144bf
n-puzzle;heavy-cost;20/2;2;4 3 6 13 7 15 9 0 10 5 8 11 2 12 1 14 ;0 1 2 3 4 5 6 7 8 9 10 11 12 13 14 15 ;261;50;373;598714;2;27220;1.00366;596533;BELA*;? Unchecked;v1.6.0-15-gb5144bf
n-puzzle;heavy-cost;21/2;2;5 4 7 1 11 12 14 15 10 13 8 6 2 0 9 3 ;0 1 2 3 4 5 6 7 8 9 10 11 12 13 14 15 ;270;50;396;1101474;2;27220;1.95816;562503;BELA*;? Unchecked;v1.6.0-15-gb5144bf
n-puzzle;heavy-cost;22/2;2;5 11 6 9 4 13 12 0 8 2 15 10 1 7 3 14 ;0 1 2 3 4 5 6 7 8 9 10 11 12 13 14 15 ;274;56;376;1242350;1;27220;2.18963;567380;BELA*;? Unchecked;v1.6.0-15-gb5144bf
n-puzzle;heavy-cost;23/2;2;5 7 0 11 12 1 9 10 15 6 2 3 8 4 13 14 ;0 1 2 3 4 5 6 7 8 9 10 11 12 13 14 15 ;245;50;321;957463;1;27220;1.7375;551057;BELA*;? Unchecked;v1.6.0-15-gb5144bf
n-puzzle;heavy-cost;24/2;2;13 0 9 12 11 6 3 5 15 8 1 10 4 14 2 7 ;0 1 2 3 4 5 6 7 8 9 10 11 12 13 14 15 ;340;57;446;15907009;2;27801;31.7772;500579;BELA*;? Unchecked;v1.6.0-15-gb5144bf
n-puzzle;heavy-cost;25/2;2;3 14 13 6 4 15 8 9 5 12 10 0 2 7 1 11 ;0 1 2 3 4 5 6 7 8 9 10 11 12 13 14 15 ;327;55;397;351233;2;27801;0.605942;579648;BELA*;? Unchecked;v1.6.0-15-gb5144bf
n-puzzle;heavy-cost;26/2;2;4 7 14 13 10 3 9 12 11 5 6 15 1 2 8 0 ;0 1 2 3 4 5 6 7 8 9 10 11 12 13 14 15 ;344;62;436;2686964;2;27801;4.70232;571413;BELA*;? Unchecked;v1.6.0-15-gb5144bf
n-puzzle;heavy-cost;27/2;2;3 6 5 2 10 0 15 14 1 4 13 12 9 8 11 7 ;0 1 2 3 4 5 6 7 8 9 10 11 12 13 14 15 ;305;52;367;340517;2;27801;0.564671;603036;BELA*;? Unchecked;v1.6.0-15-gb5144bf
n-puzzle;heavy-cost;28/2;2;1 7 15 14 2 6 4 9 12 11 13 3 0 8 5 10 ;0 1 2 3 4 5 6 7 8 9 10 11 12 13 14 15 ;302;53;376;479577;2;27801;0.806969;594294;BELA*;? Unchecked;v1.6.0-15-gb5144bf
n-puzzle;heavy-cost;29/2;2;5 0 15 8 4 6 1 14 10 11 3 9 7 12 2 13 ;0 1 2 3 4 5 6 7 8 9 10 11 12 13 14 15 ;308;51;394;1004122;1;27801;1.73597;578421;BELA*;? Unchecked;v1.6.0-15-gb5144bf
n-puzzle;heavy-cost;30/2;2;13 5 4 10 9 12 8 14 2 3 7 1 0 15 11 6 ;0 1 2 3 4 5 6 7 8 9 10 11 12 13 14 15 ;327;59;389;1240817;1;27801;2.09943;591026;BELA*;? Unchecked;v1.6.0-15-gb5144bf
n-puzzle;heavy-cost;31/2;2;10 9 3 11 0 13 2 14 5 6 4 7 8 15 1 12 ;0 1 2 3 4 5 6 7 8 9 10 11 12 13 14 15 ;272;51;384;8740771;2;27801;17.9433;487134;BELA*;? Unchecked;v1.6.0-15-gb5144bf
n-puzzle;heavy-cost;32/2;2;6 12 11 3 13 7 9 15 2 14 8 10 4 1 5 0 ;0 1 2 3 4 5 6 7 8 9 10 11 12 13 14 15 ;288;58;400;5172316;1;27801;10.0055;516949;BELA*;? Unchecked;v1.6.0-15-gb5144bf
n-puzzle;heavy-cost;33/2;2;1 3 2 5 10 9 15 6 8 14 13 11 12 4 7 0 ;0 1 2 3 4 5 6 7 8 9 10 11 12 13 14 15 ;199;46;321;795927;1;27801;1.58805;501199;BELA*;? Unchecked;v1.6.0-15-gb5144bf
n-puzzle;heavy-cost;34/2;2;0 13 2 4 12 14 6 9 15 1 10 3 11 5 8 7 ;0 1 2 3 4 5 6 7 8 9 10 11 12 13 14 15 ;308;56;432;1194575;2;27801;1.99453;598927;BELA*;? Unchecked;v1.6.0-15-gb5144bf
n-puzzle;heavy-cost;35/2;2;7 8 3 2 10 12 4 6 11 13 5 15 0 1 9 14 ;0 1 2 3 4 5 6 7 8 9 10 11 12 13 14 15 ;243;49;315;68205;2;27801;0.0981477;694922;BELA*;? Unchecked;v1.6.0-15-gb5144bf
n-puzzle;heavy-cost;36/2;2;9 0 4 10 1 14 15 3 12 6 5 7 11 13 8 2 ;0 1 2 3 4 5 6 7 8 9 10 11 12 13 14 15 ;278;55;380;761006;2;27801;1.39184;546763;BELA*;? Unchecked;v1.6.0-15-gb5144bf
n-puzzle;heavy-cost;37/2;2;6 11 7 8 13 2 5 4 1 10 3 9 14 0 12 15 ;0 1 2 3 4 5 6 7 8 9 10 11 12 13 14 15 ;268;52;360;4952376;2;27801;9.6834;511429;BELA*;? Unchecked;v1.6.0-15-gb5144bf
n-puzzle;heavy-cost;38/2;2;8 4 6 1 14 12 2 15 13 10 9 5 3 7 0 11 ;0 1 2 3 4 5 6 7 8 9 10 11 12 13 14 15 ;273;51;375;2160621;2;27801;4.16642;518580;BELA*;? Unchecked;v1.6.0-15-gb5144bf
n-puzzle;heavy-cost;39/2;2;4 6 12 0 14 2 9 13 11 8 3 15 7 10 1 5 ;0 1 2 3 4 5 6 7 8 9 10 11 12 13 14 15 ;350;63;464;11896225;1;27801;22.3743;531692;BELA*;? Unchecked;v1.6.0-15-gb5144bf
n-puzzle;heavy-cost;00/3;3;0 1 9 7 11 13 5 3 14 12 4 2 8 6 10 15 ;0 1 2 3 4 5 6 7 8 9 10 11 12 13 14 15 ;232;48;314;42358;3;27801;0.0612008;692115;BELA*;? Unchecked;v1.6.0-15-gb5144bf
n-puzzle;heavy-cost;01/3;3;14 1 9 6 4 8 12 5 7 2 3 0 10 11 13 15 ;0 1 2 3 4 5 6 7 8 9 10 11 12 13 14 15 ;302;47;342;34048;3;27801;0.0419459;811712;BELA*;? Unchecked;v1.6.0-15-gb5144bf
n-puzzle;heavy-cost;02/3;3;4 5 7 2 9 14 12 13 0 3 6 11 8 1 15 10 ;0 1 2 3 4 5 6 7 8 9 10 11 12 13 14 15 ;249;44;315;20565;3;27801;0.024783;829801;BELA*;? Unchecked;v1.6.0-15-gb5144bf
n-puzzle;heavy-cost;03/3;3;13 8 14 3 9 1 0 7 15 5 4 10 12 2 6 11 ;0 1 2 3 4 5 6 7 8 9 10 11 12 13 14 15 ;255;43;327;175282;3;27801;0.297126;589926;BELA*;? Unchecked;v1.6.0-15-gb5144bf
n-puzzle;heavy-cost;04/3;3;9 14 5 7 8 15 1 2 10 4 13 6 12 0 11 3 ;0 1 2 3 4 5 6 7 8 9 10 11 12 13 14 15 ;271;46;327;119433;2;27801;0.175077;682174;BELA*;? Unchecked;v1.6.0-15-gb5144bf
n-puzzle;heavy-cost;05/3;3;7 11 8 3 14 0 6 15 1 4 13 9 5 12 2 10 ;0 1 2 3 4 5 6 7 8 9 10 11 12 13 14 15 ;298;48;370;1275237;2;27801;2.32558;548353;BELA*;? Unchecked;v1.6.0-15-gb5144bf
n-puzzle;heavy-cost;06/3;3;5 7 11 8 0 14 9 13 10 12 3 15 6 1 4 2 ;0 1 2 3 4 5 6 7 8 9 10 11 12 13 14 15 ;335;55;385;100574;3;27801;0.137382;732076;BELA*;? Unchecked;v1.6.0-15-gb5144bf
n-puzzle;heavy-cost;07/3;3;6 10 1 14 15 8 3 5 13 0 2 7 4 9 11 12 ;0 1 2 3 4 5 6 7 8 9 10 11 12 13 14 15 ;324;49;408;2844856;3;27801;5.20611;546446;BELA*;? Unchecked;v1.6.0-15-gb5144bf
n-puzzle;heavy-cost;08/3;3;13 9 14 6 12 8 1 2 3 4 0 7 5 10 11 15 ;0 1 2 3 4 5 6 7 8 9 10 11 12 13 14 15 ;257;48;355;5336620;3;27801;10.6692;500188;BELA*;? Unchecked;v1.6.0-15-gb5144bf
n-puzzle;heavy-cost;09/3;3;3 14 9 11 5 4 8 2 13 12 6 7 10 1 15 0 ;0 1 2 3 4 5 6 7 8 9 10 11 12 13 14 15 ;262;48;326;121822;3;27801;0.187267;650525;BELA*;? Unchecked;v1.6.0-15-gb5144bf
n-puzzle;heavy-cost;10/3;3;14 13 4 11 15 8 6 9 0 7 3 1 2 10 12 5 ;0 1 2 3 4 5 6 7 8 9 10 11 12 13 14 15 ;369;58;465;15615182;3;27801;31.1818;500779;BELA*;? Unchecked;v1.6.0-15-gb5144bf
n-puzzle;heavy-cost;11/3;3;8 11 4 6 7 3 10 9 2 12 15 13 0 1 5 14 ;0 1 2 3 4 5 6 7 8 9 10 11 12 13 14 15 ;284;51;350;445007;2;27801;0.768369;579158;BELA*;? Unchecked;v1.6.0-15-gb5144bf
n-puzzle;heavy-cost;12/3;3;12 15 2 6 1 14 4 8 5 3 7 0 10 13 9 11 ;0 1 2 3 4 5 6 7 8 9 10 11 12 13 14 15 ;302;47;386;2331895;2;27801;4.39628;530424;BELA*;? Unchecked;v1.6.0-15-gb5144bf
n-puzzle;heavy-cost;13/3;3;6 0 5 10 11 12 9 2 1 7 4 3 14 8 13 15 ;0 1 2 3 4 5 6 7 8 9 10 11 12 13 14 15 ;259;45;325;495497;2;27801;0.841482;588838;BELA*;? Unchecked;v1.6.0-15-gb5144bf
n-puzzle;heavy-cost;14/3;3;12 8 15 13 1 0 5 4 6 3 2 11 9 7 14 10 ;0 1 2 3 4 5 6 7 8 9 10 11 12 13 14 15 ;304;50;400;16310661;2;28564;35.4036;460706;BELA*;? Unchecked;v1.6.0-15-gb5144bf
n-puzzle;heavy-cost;15/3;3;4 7 13 10 1 2 9 6 12 8 14 5 3 0 11 15 ;0 1 2 3 4 5 6 7 8 9 10 11 12 13 14 15 ;226;50;318;419203;3;28564;0.742477;564601;BELA*;? Unchecked;v1.6.0-15-gb5144bf
n-puzzle;heavy-cost;16/3;3;6 14 10 5 15 8 7 1 3 4 2 0 12 9 11 13 ;0 1 2 3 4 5 6 7 8 9 10 11 12 13 14 15 ;294;51;352;124522;3;28564;0.177097;703128;BELA*;? Unchecked;v1.6.0-15-gb5144bf
n-puzzle;heavy-cost;17/3;3;13 14 6 12 4 5 1 0 9 3 10 2 15 11 8 7 ;0 1 2 3 4 5 6 7 8 9 10 11 12 13 14 15 ;331;54;429;3091122;2;28564;5.8855;525209;BELA*;? Unchecked;v1.6.0-15-gb5144bf
n-puzzle;heavy-cost;18/3;3;3 14 9 7 12 15 0 4 1 8 5 6 11 10 2 13 ;0 1 2 3 4 5 6 7 8 9 10 11 12 13 14 15 ;324;55;396;902961;2;28564;1.5771;572545;BELA*;? Unchecked;v1.6.0-15-gb5144bf
n-puzzle;heavy-cost;19/3;3;6 13 3 2 11 9 5 10 1 7 12 14 8 4 0 15 ;0 1 2 3 4 5 6 7 8 9 10 11 12 13 14 15 ;248;47;318;65733;3;28564;0.0940496;698919;BELA*;? Unchecked;v1.6.0-15-gb5144bf
n-puzzle;heavy-cost;20/3;3;4 3 6 13 7 15 9 0 10 5 8 11 2 12 1 14 ;0 1 2 3 4 5 6 7 8 9 10 11 12 13 14 15 ;261;50;373;598723;3;28564;1.03552;578187;BELA*;? Unchecked;v1.6.0-15-gb5144bf
n-puzzle;heavy-cost;21/3;3;5 4 7 1 11 12 14 15 10 13 8 6 2 0 9 3 ;0 1 2 3 4 5 6 7 8 9 10 11 12 13 14 15 ;270;52;398;1321697;3;28564;2.40118;550438;BELA*;? Unchecked;v1.6.0-15-gb5144bf
n-puzzle;heavy-cost;22/3;3;5 11 6 9 4 13 12 0 8 2 15 10 1 7 3 14 ;0 1 2 3 4 5 6 7 8 9 10 11 12 13 14 15 ;274;58;378;1515786;2;28564;2.88714;525013;BELA*;? Unchecked;v1.6.0-15-gb5144bf
n-puzzle;heavy-cost;23/3;3;5 7 0 11 12 1 9 10 15 6 2 3 8 4 13 14 ;0 1 2 3 4 5 6 7 8 9 10 11 12 13 14 15 ;245;44;321;971417;2;28564;1.84853;525509;BELA*;? Unchecked;v1.6.0-15-gb5144bf
n-puzzle;heavy-cost;24/3;3;13 0 9 12 11 6 3 5 15 8 1 10 4 14 2 7 ;0 1 2 3 4 5 6 7 8 9 10 11 12 13 14 15 ;340;57;446;15907009;3;28564;32.2673;492977;BELA*;? Unchecked;v1.6.0-15-gb5144bf
n-puzzle;heavy-cost;25/3;3;3 14 13 6 4 15 8 9 5 12 10 0 2 7 1 11 ;0 1 2 3 4 5 6 7 8 9 10 11 12 13 14 15 ;327;55;397;351233;2;28564;0.60718;578466;BELA*;? Unchecked;v1.6.0-15-gb5144bf
n-puzzle;heavy-cost;26/3;3;4 7 14 13 10 3 9 12 11 5 6 15 1 2 8 0 ;0 1 2 3 4 5 6 7 8 9 10 11 12 13 14 15 ;344;62;436;2686965;3;28564;4.756;564963;BELA*;? Unchecked;v1.6.0-15-gb5144bf
n-puzzle;heavy-cost;27/3;3;3 6 5 2 10 0 15 14 1 4 13 12 9 8 11 7 ;0 1 2 3 4 5 6 7 8 9 10 11 12 13 14 15 ;305;52;367;340517;3;28564;0.561954;605951;BELA*;? Unchecked;v1.6.0-15-gb5144bf
n-puzzle;heavy-cost;28/3;3;1 7 15 14 2 6 4 9 12 11 13 3 0 8 5 10 ;0 1 2 3 4 5 6 7 8 9 10 11 12 13 14 15 ;302;53;376;479577;2;28564;0.809096;592732;BELA*;? Unchecked;v1.6.0-15-gb5144bf
n-puzzle;heavy-cost;29/3;3;5 0 15 8 4 6 1 14 10 11 3 9 7 12 2 13 ;0 1 2 3 4 5 6 7 8 9 10 11 12 13 14 15 ;308;51;394;1004122;1;28564;1.75468;572254;BELA*;? Unchecked;v1.6.0-15-gb5144bf
n-puzzle;heavy-cost;30/3;3;13 5 4 10 9 12 8 14 2 3 7 1 0 15 11 6 ;0 1 2 3 4 5 6 7 8 9 10 11 12 13 14 15 ;327;59;389;1240817;1;28564;2.1436;578848;BELA*;? Unchecked;v1.6.0-15-gb5144bf
n-puzzle;heavy-cost;31/3;3;10 9 3 11 0 13 2 14 5 6 4 7 8 15 1 12 ;0 1 2 3 4 5 6 7 8 9 10 11 12 13 14 15 ;272;53;386;9271475;3;28564;19.3583;478941;BELA*;? Unchecked;v1.6.0-15-gb5144bf
n-puzzle;heavy-cost;32/3;3;6 12 11 3 13 7 9 15 2 14 8 10 4 1 5 0 ;0 1 2 3 4 5 6 7 8 9 10 11 12 13 14 15 ;288;60;402;5598727;2;28564;10.9585;510900;BELA*;? Unchecked;v1.6.0-15-gb5144bf
n-puzzle;heavy-cost;33/3;3;1 3 2 5 10 9 15 6 8 14 13 11 12 4 7 0 ;0 1 2 3 4 5 6 7 8 9 10 11 12 13 14 15 ;199;42;321;881540;2;28564;1.73915;506881;BELA*;? Unchecked;v1.6.0-15-gb5144bf
n-puzzle;heavy-cost;34/3;3;0 13 2 4 12 14 6 9 15 1 10 3 11 5 8 7 ;0 1 2 3 4 5 6 7 8 9 10 11 12 13 14 15 ;308;56;432;1194575;3;28564;1.99483;598835;BELA*;? Unchecked;v1.6.0-15-gb5144bf
n-puzzle;heavy-cost;35/3;3;7 8 3 2 10 12 4 6 11 13 5 15 0 1 9 14 ;0 1 2 3 4 5 6 7 8 9 10 11 12 13 14 15 ;243;49;315;68205;3;28564;0.0999236;682571;BELA*;? Unchecked;v1.6.0-15-gb5144bf
n-puzzle;heavy-cost;36/3;3;9 0 4 10 1 14 15 3 12 6 5 7 11 13 8 2 ;0 1 2 3 4 5 6 7 8 9 10 11 12 13 14 15 ;278;55;380;761006;3;28564;1.39633;545005;BELA*;? Unchecked;v1.6.0-15-gb5144bf
n-puzzle;heavy-cost;37/3;3;6 11 7 8 13 2 5 4 1 10 3 9 14 0 12 15 ;0 1 2 3 4 5 6 7 8 9 10 11 12 13 14 15 ;268;54;362;5259251;3;28564;10.2606;512569;BELA*;? Unchecked;v1.6.0-15-gb5144bf
n-puzzle;heavy-cost;38/3;3;8 4 6 1 14 12 2 15 13 10 9 5 3 7 0 11 ;0 1 2 3 4 5 6 7 8 9 10 11 12 13 14 15 ;273;51;375;2179670;3;28564;4.14609;525717;BELA*;? Unchecked;v1.6.0-15-gb5144bf
n-puzzle;heavy-cost;39/3;3;4 6 12 0 14 2 9 13 11 8 3 15 7 10 1 5 ;0 1 2 3 4 5 6 7 8 9 10 11 12 13 14 15 ;350;65;466;14615385;2;28564;28.7382;508569;BELA*;? Unchecked;v1.6.0-15-gb5144bf
n-puzzle;heavy-cost;00/4;4;0 1 9 7 11 13 5 3 14 12 4 2 8 6 10 15 ;0 1 2 3 4 5 6 7 8 9 10 11 12 13 14 15 ;232;50;316;44616;4;28564;0.0634027;703692;BELA*;? Unchecked;v1.6.0-15-gb5144bf
n-puzzle;heavy-cost;01/4;4;14 1 9 6 4 8 12 5 7 2 3 0 10 11 13 15 ;0 1 2 3 4 5 6 7 8 9 10 11 12 13 14 15 ;302;47;342;34048;4;28564;0.0421819;807171;BELA*;? Unchecked;v1.6.0-15-gb5144bf
n-puzzle;heavy-cost;02/4;4;4 5 7 2 9 14 12 13 0 3 6 11 8 1 15 10 ;0 1 2 3 4 5 6 7 8 9 10 11 12 13 14 15 ;249;44;315;20565;4;28564;0.0248247;828410;BELA*;? Unchecked;v1.6.0-15-gb5144bf
n-puzzle;heavy-cost;03/4;4;13 8 14 3 9 1 0 7 15 5 4 10 12 2 6 11 ;0 1 2 3 4 5 6 7 8 9 10 11 12 13 14 15 ;255;43;327;175282;4;28564;0.295754;592662;BELA*;? Unchecked;v1.6.0-15-gb5144bf
n-puzzle;heavy-cost;04/4;4;9 14 5 7 8 15 1 2 10 4 13 6 12 0 11 3 ;0 1 2 3 4 5 6 7 8 9 10 11 12 13 14 15 ;271;46;327;119433;3;28564;0.178059;670749;BELA*;? Unchecked;v1.6.0-15-gb5144bf
n-puzzle;heavy-cost;05/4;4;7 11 8 3 14 0 6 15 1 4 13 9 5 12 2 10 ;0 1 2 3 4 5 6 7 8 9 10 11 12 13 14 15 ;298;48;370;1275237;3;28564;2.32349;548845;BELA*;? Unchecked;v1.6.0-15-gb5144bf
n-puzzle;heavy-cost;06/4;4;5 7 11 8 0 14 9 13 10 12 3 15 6 1 4 2 ;0 1 2 3 4 5 6 7 8 9 10 11 12 13 14 15 ;335;55;385;100574;3;28564;0.139205;722490;BELA*;? Unchecked;v1.6.0-15-gb5144bf
n-puzzle;heavy-cost;07/4;4;6 10 1 14 15 8 3 5 13 0 2 7 4 9 11 12 ;0 1 2 3 4 5 6 7 8 9 10 11 12 13 14 15 ;324;49;408;2844856;4;28564;5.12445;555153;BELA*;? Unchecked;v1.6.0-15-gb5144bf
n-puzzle;heavy-cost;08/4;4;13 9 14 6 12 8 1 2 3 4 0 7 5 10 11 15 ;0 1 2 3 4 5 6 7 8 9 10 11 12 13 14 15 ;257;48;355;5336620;4;28564;10.4857;508943;BELA*;? Unchecked;v1.6.0-15-gb5144bf
n-puzzle;heavy-cost;09/4;4;3 14 9 11 5 4 8 2 13 12 6 7 10 1 15 0 ;0 1 2 3 4 5 6 7 8 9 10 11 12 13 14 15 ;262;48;326;121822;4;28564;0.188123;647566;BELA*;? Unchecked;v1.6.0-15-gb5144bf
n-puzzle;heavy-cost;10/4;4;14 13 4 11 15 8 6 9 0 7 3 1 2 10 12 5 ;0 1 2 3 4 5 6 7 8 9 10 11 12 13 14 15 ;369;58;465;15645268;4;28564;30.6839;509885;BELA*;? Unchecked;v1.6.0-15-gb5144bf
n-puzzle;heavy-cost;11/4;4;8 11 4 6 7 3 10 9 2 12 15 13 0 1 5 14 ;0 1 2 3 4 5 6 7 8 9 10 11 12 13 14 15 ;284;51;350;445007;2;28564;0.778393;571699;BELA*;? Unchecked;v1.6.0-15-gb5144bf
n-puzzle;heavy-cost;12/4;4;12 15 2 6 1 14 4 8 5 3 7 0 10 13 9 11 ;0 1 2 3 4 5 6 7 8 9 10 11 12 13 14 15 ;302;47;386;2331895;2;28564;4.28944;543636;BELA*;? Unchecked;v1.6.0-15-gb5144bf
n-puzzle;heavy-cost;13/4;4;6 0 5 10 11 12 9 2 1 7 4 3 14 8 13 15 ;0 1 2 3 4 5 6 7 8 9 10 11 12 13 14 15 ;259;45;325;495497;2;28564;0.835251;593231;BELA*;? Unchecked;v1.6.0-15-gb5144bf
n-puzzle;heavy-cost;14/4;4;12 8 15 13 1 0 5 4 6 3 2 11 9 7 14 10 ;0 1 2 3 4 5 6 7 8 9 10 11 12 13 14 15 ;304;52;402;16405516;3;28770;34.8456;470806;BELA*;? Unchecked;v1.6.0-15-gb5144bf
n-puzzle;heavy-cost;15/4;4;4 7 13 10 1 2 9 6 12 8 14 5 3 0 11 15 ;0 1 2 3 4 5 6 7 8 9 10 11 12 13 14 15 ;226;50;318;419203;4;28770;0.746872;561278;BELA*;? Unchecked;v1.6.0-15-gb5144bf
n-puzzle;heavy-cost;16/4;4;6 14 10 5 15 8 7 1 3 4 2 0 12 9 11 13 ;0 1 2 3 4 5 6 7 8 9 10 11 12 13 14 15 ;294;51;352;124522;4;28770;0.177988;699611;BELA*;? Unchecked;v1.6.0-15-gb5144bf
n-puzzle;heavy-cost;17/4;4;13 14 6 12 4 5 1 0 9 3 10 2 15 11 8 7 ;0 1 2 3 4 5 6 7 8 9 10 11 12 13 14 15 ;331;54;429;3091122;3;28770;5.89677;524206;BELA*;? Unchecked;v1.6.0-15-gb5144bf
n-puzzle;heavy-cost;18/4;4;3 14 9 7 12 15 0 4 1 8 5 6 11 10 2 13 ;0 1 2 3 4 5 6 7 8 9 10 11 12 13 14 15 ;324;55;396;902961;3;28770;1.58294;570433;BELA*;? Unchecked;v1.6.0-15-gb5144bf
n-puzzle;heavy-cost;19/4;4;6 13 3 2 11 9 5 10 1 7 12 14 8 4 0 15 ;0 1 2 3 4 5 6 7 8 9 10 11 12 13 14 15 ;248;47;318;67016;4;28770;0.0941767;711599;BELA*;? Unchecked;v1.6.0-15-gb5144bf
n-puzzle;heavy-cost;20/4;4;4 3 6 13 7 15 9 0 10 5 8 11 2 12 1 14 ;0 1 2 3 4 5 6 7 8 9 10 11 12 13 14 15 ;261;52;375;711687;4;28770;1.22349;581684;BELA*;? Unchecked;v1.6.0-15-gb5144bf
n-puzzle;heavy-cost;21/4;4;5 4 7 1 11 12 14 15 10 13 8 6 2 0 9 3 ;0 1 2 3 4 5 6 7 8 9 10 11 12 13 14 15 ;270;52;398;1321697;3;28770;2.37927;555505;BELA*;? Unchecked;v1.6.0-15-gb5144bf
n-puzzle;heavy-cost;22/4;4;5 11 6 9 4 13 12 0 8 2 15 10 1 7 3 14 ;0 1 2 3 4 5 6 7 8 9 10 11 12 13 14 15 ;274;58;378;1515786;2;28770;2.89225;524085;BELA*;? Unchecked;v1.6.0-15-gb5144bf
n-puzzle;heavy-cost;23/4;4;5 7 0 11 12 1 9 10 15 6 2 3 8 4 13 14 ;0 1 2 3 4 5 6 7 8 9 10 11 12 13 14 15 ;245;50;321;971417;2;28770;1.79789;540309;BELA*;? Unchecked;v1.6.0-15-gb5144bf
n-puzzle;heavy-cost;24/4;4;13 0 9 12 11 6 3 5 15 8 1 10 4 14 2 7 ;0 1 2 3 4 5 6 7 8 9 10 11 12 13 14 15 ;340;57;446;15907009;4;28770;32.2726;492895;BELA*;? Unchecked;v1.6.0-15-gb5144bf
n-puzzle;heavy-cost;25/4;4;3 14 13 6 4 15 8 9 5 12 10 0 2 7 1 11 ;0 1 2 3 4 5 6 7 8 9 10 11 12 13 14 15 ;327;55;397;351233;2;28770;0.606873;578758;BELA*;? Unchecked;v1.6.0-15-gb5144bf
n-puzzle;heavy-cost;26/4;4;4 7 14 13 10 3 9 12 11 5 6 15 1 2 8 0 ;0 1 2 3 4 5 6 7 8 9 10 11 12 13 14 15 ;344;62;436;2686965;3;28770;4.74949;565738;BELA*;? Unchecked;v1.6.0-15-gb5144bf
n-puzzle;heavy-cost;27/4;4;3 6 5 2 10 0 15 14 1 4 13 12 9 8 11 7 ;0 1 2 3 4 5 6 7 8 9 10 11 12 13 14 15 ;305;52;367;340517;4;28770;0.56204;605859;BELA*;? Unchecked;v1.6.0-15-gb5144bf
n-puzzle;heavy-cost;28/4;4;1 7 15 14 2 6 4 9 12 11 13 3 0 8 5 10 ;0 1 2 3 4 5 6 7 8 9 10 11 12 13 14 15 ;302;53;376;484716;3;28770;0.811969;596964;BELA*;? Unchecked;v1.6.0-15-gb5144bf
n-puzzle;heavy-cost;29/4;4;5 0 15 8 4 6 1 14 10 11 3 9 7 12 2 13 ;0 1 2 3 4 5 6 7 8 9 10 11 12 13 14 15 ;308;51;394;1004122;1;28770;1.76031;570424;BELA*;? Unchecked;v1.6.0-15-gb5144bf
n-puzzle;heavy-cost;30/4;4;13 5 4 10 9 12 8 14 2 3 7 1 0 15 11 6 ;0 1 2 3 4 5 6 7 8 9 10 11 12 13 14 15 ;327;59;389;1240828;2;28770;2.13647;580784;BELA*;? Unchecked;v1.6.0-15-gb5144bf
n-puzzle;heavy-cost;31/4;4;10 9 3 11 0 13 2 14 5 6 4 7 8 15 1 12 ;0 1 2 3 4 5 6 7 8 9 10 11 12 13 14 15 ;272;53;386;9271475;4;28770;19.392;478107;BELA*;? Unchecked;v1.6.0-15-gb5144bf
n-puzzle;heavy-cost;32/4;4;6 12 11 3 13 7 9 15 2 14 8 10 4 1 5 0 ;0 1 2 3 4 5 6 7 8 9 10 11 12 13 14 15 ;288;60;402;5598727;3;28770;10.9744;510164;BELA*;? Unchecked;v1.6.0-15-gb5144bf
n-puzzle;heavy-cost;33/4;4;1 3 2 5 10 9 15 6 8 14 13 11 12 4 7 0 ;0 1 2 3 4 5 6 7 8 9 10 11 12 13 14 15 ;199;44;323;897154;3;28770;1.78957;501324;BELA*;? Unchecked;v1.6.0-15-gb5144bf
n-puzzle;heavy-cost;34/4;4;0 13 2 4 12 14 6 9 15 1 10 3 11 5 8 7 ;0 1 2 3 4 5 6 7 8 9 10 11 12 13 14 15 ;308;56;432;1194575;4;28770;2.03516;586968;BELA*;? Unchecked;v1.6.0-15-gb5144bf
n-puzzle;heavy-cost;35/4;4;7 8 3 2 10 12 4 6 11 13 5 15 0 1 9 14 ;0 1 2 3 4 5 6 7 8 9 10 11 12 13 14 15 ;243;49;315;68205;4;28770;0.098036;695714;BELA*;? Unchecked;v1.6.0-15-gb5144bf
n-puzzle;heavy-cost;36/4;4;9 0 4 10 1 14 15 3 12 6 5 7 11 13 8 2 ;0 1 2 3 4 5 6 7 8 9 10 11 12 13 14 15 ;278;55;380;761006;4;28770;1.41518;537745;BELA*;? Unchecked;v1.6.0-15-gb5144bf
n-puzzle;heavy-cost;37/4;4;6 11 7 8 13 2 5 4 1 10 3 9 14 0 12 15 ;0 1 2 3 4 5 6 7 8 9 10 11 12 13 14 15 ;268;54;362;5259251;4;28770;10.4368;503914;BELA*;? Unchecked;v1.6.0-15-gb5144bf
n-puzzle;heavy-cost;38/4;4;8 4 6 1 14 12 2 15 13 10 9 5 3 7 0 11 ;0 1 2 3 4 5 6 7 8 9 10 11 12 13 14 15 ;273;51;375;2179670;4;28770;4.23454;514735;BELA*;? Unchecked;v1.6.0-15-gb5144bf
n-puzzle;heavy-cost;39/4;4;4 6 12 0 14 2 9 13 11 8 3 15 7 10 1 5 ;0 1 2 3 4 5 6 7 8 9 10 11 12 13 14 15 ;350;65;466;14615385;3;28770;29.1878;500736;BELA*;? Unchecked;v1.6.0-15-gb5144bf
n-puzzle;heavy-cost;00/5;5;0 1 9 7 11 13 5 3 14 12 4 2 8 6 10 15 ;0 1 2 3 4 5 6 7 8 9 10 11 12 13 14 15 ;232;50;316;44616;5;28770;0.0656228;679885;BELA*;? Unchecked;v1.6.0-15-gb5144bf
n-puzzle;heavy-cost;01/5;5;14 1 9 6 4 8 12 5 7 2 3 0 10 11 13 15 ;0 1 2 3 4 5 6 7 8 9 10 11 12 13 14 15 ;302;47;342;34048;5;28770;0.0421845;807121;BELA*;? Unchecked;v1.6.0-15-gb5144bf
n-puzzle;heavy-cost;02/5;5;4 5 7 2 9 14 12 13 0 3 6 11 8 1 15 10 ;0 1 2 3 4 5 6 7 8 9 10 11 12 13 14 15 ;249;44;315;20565;5;28770;0.0247695;830256;BELA*;? Unchecked;v1.6.0-15-gb5144bf
n-puzzle;heavy-cost;03/5;5;13 8 14 3 9 1 0 7 15 5 4 10 12 2 6 11 ;0 1 2 3 4 5 6 7 8 9 10 11 12 13 14 15 ;255;43;327;175282;4;28770;0.294409;595369;BELA*;? Unchecked;v1.6.0-15-gb5144bf
n-puzzle;heavy-cost;04/5;5;9 14 5 7 8 15 1 2 10 4 13 6 12 0 11 3 ;0 1 2 3 4 5 6 7 8 9 10 11 12 13 14 15 ;271;46;327;119433;4;28770;0.177488;672908;BELA*;? Unchecked;v1.6.0-15-gb5144bf
n-puzzle;heavy-cost;05/5;5;7 11 8 3 14 0 6 15 1 4 13 9 5 12 2 10 ;0 1 2 3 4 5 6 7 8 9 10 11 12 13 14 15 ;298;48;370;1275237;4;28770;2.32664;548102;BELA*;? Unchecked;v1.6.0-15-gb5144bf
n-puzzle;heavy-cost;06/5;5;5 7 11 8 0 14 9 13 10 12 3 15 6 1 4 2 ;0 1 2 3 4 5 6 7 8 9 10 11 12 13 14 15 ;335;55;385;103775;4;28770;0.146811;706861;BELA*;? Unchecked;v1.6.0-15-gb5144bf
n-puzzle;heavy-cost;07/5;5;6 10 1 14 15 8 3 5 13 0 2 7 4 9 11 12 ;0 1 2 3 4 5 6 7 8 9 10 11 12 13 14 15 ;324;49;408;2844856;5;28770;5.21127;545904;BELA*;? Unchecked;v1.6.0-15-gb5144bf
n-puzzle;heavy-cost;08/5;5;13 9 14 6 12 8 1 2 3 4 0 7 5 10 11 15 ;0 1 2 3 4 5 6 7 8 9 10 11 12 13 14 15 ;257;48;355;5336620;5;28770;10.6799;499686;BELA*;? Unchecked;v1.6.0-15-gb5144bf
n-puzzle;heavy-cost;09/5;5;3 14 9 11 5 4 8 2 13 12 6 7 10 1 15 0 ;0 1 2 3 4 5 6 7 8 9 10 11 12 13 14 15 ;262;48;326;121822;5;28770;0.186354;653712;BELA*;? Unchecked;v1.6.0-15-gb5144bf
n-puzzle;heavy-cost;10/5;5;14 13 4 11 15 8 6 9 0 7 3 1 2 10 12 5 ;0 1 2 3 4 5 6 7 8 9 10 11 12 13 14 15 ;369;58;465;15645269;5;28770;31.2178;501165;BELA*;? Unchecked;v1.6.0-15-gb5144bf
n-puzzle;heavy-cost;11/5;5;8 11 4 6 7 3 10 9 2 12 15 13 0 1 5 14 ;0 1 2 3 4 5 6 7 8 9 10 11 12 13 14 15 ;284;51;350;445007;3;28770;0.765602;581251;BELA*;? Unchecked;v1.6.0-15-gb5144bf
n-puzzle;heavy-cost;12/5;5;12 15 2 6 1 14 4 8 5 3 7 0 10 13 9 11 ;0 1 2 3 4 5 6 7 8 9 10 11 12 13 14 15 ;302;49;388;2538931;3;28770;4.66872;543817;BELA*;? Unchecked;v1.6.0-15-gb5144bf
n-puzzle;heavy-cost;13/5;5;6 0 5 10 11 12 9 2 1 7 4 3 14 8 13 15 ;0 1 2 3 4 5 6 7 8 9 10 11 12 13 14 15 ;259;45;325;495760;3;28770;0.835432;593418;BELA*;? Unchecked;v1.6.0-15-gb5144bf
n-puzzle;heavy-cost;14/5;5;12 8 15 13 1 0 5 4 6 3 2 11 9 7 14 10 ;0 1 2 3 4 5 6 7 8 9 10 11 12 13 14 15 ;304;52;402;16405516;4;28770;35.1988;466081;BELA*;? Unchecked;v1.6.0-15-gb5144bf
n-puzzle;heavy-cost;15/5;5;4 7 13 10 1 2 9 6 12 8 14 5 3 0 11 15 ;0 1 2 3 4 5 6 7 8 9 10 11 12 13 14 15 ;226;50;318;419203;5;28770;0.734666;570603;BELA*;? Unchecked;v1.6.0-15-gb5144bf
n-puzzle;heavy-cost;16/5;5;6 14 10 5 15 8 7 1 3 4 2 0 12 9 11 13 ;0 1 2 3 4 5 6 7 8 9 10 11 12 13 14 15 ;294;51;352;124522;4;28770;0.180636;689352;BELA*;? Unchecked;v1.6.0-15-gb5144bf
n-puzzle;heavy-cost;17/5;5;13 14 6 12 4 5 1 0 9 3 10 2 15 11 8 7 ;0 1 2 3 4 5 6 7 8 9 10 11 12 13 14 15 ;331;54;429;3091122;4;28770;5.79907;533037;BELA*;? Unchecked;v1.6.0-15-gb5144bf
n-puzzle;heavy-cost;18/5;5;3 14 9 7 12 15 0 4 1 8 5 6 11 10 2 13 ;0 1 2 3 4 5 6 7 8 9 10 11 12 13 14 15 ;324;55;396;902961;3;28770;1.56556;576765;BELA*;? Unchecked;v1.6.0-15-gb5144bf
n-puzzle;heavy-cost;19/5;5;6 13 3 2 11 9 5 10 1 7 12 14 8 4 0 15 ;0 1 2 3 4 5 6 7 8 9 10 11 12 13 14 15 ;248;47;318;67017;5;28770;0.095905;698785;BELA*;? Unchecked;v1.6.0-15-gb5144bf
n-puzzle;heavy-cost;20/5;5;4 3 6 13 7 15 9 0 10 5 8 11 2 12 1 14 ;0 1 2 3 4 5 6 7 8 9 10 11 12 13 14 15 ;261;52;375;711687;5;28770;1.19497;595567;BELA*;? Unchecked;v1.6.0-15-gb5144bf
n-puzzle;heavy-cost;21/5;5;5 4 7 1 11 12 14 15 10 13 8 6 2 0 9 3 ;0 1 2 3 4 5 6 7 8 9 10 11 12 13 14 15 ;270;52;398;1321697;4;28770;2.33442;566178;BELA*;? Unchecked;v1.6.0-15-gb5144bf
n-puzzle;heavy-cost;22/5;5;5 11 6 9 4 13 12 0 8 2 15 10 1 7 3 14 ;0 1 2 3 4 5 6 7 8 9 10 11 12 13 14 15 ;274;58;378;1515786;3;28770;2.86285;529467;BELA*;? Unchecked;v1.6.0-15-gb5144bf
n-puzzle;heavy-cost;23/5;5;5 7 0 11 12 1 9 10 15 6 2 3 8 4 13 14 ;0 1 2 3 4 5 6 7 8 9 10 11 12 13 14 15 ;245;52;323;993712;3;28770;1.8076;549740;BELA*;? Unchecked;v1.6.0-15-gb5144bf
n-puzzle;heavy-cost;24/5;5;13 0 9 12 11 6 3 5 15 8 1 10 4 14 2 7 ;0 1 2 3 4 5 6 7 8 9 10 11 12 13 14 15 ;340;57;446;15907009;5;28770;32.1433;494878;BELA*;? Unchecked;v1.6.0-15-gb5144bf
n-puzzle;heavy-cost;25/5;5;3 14 13 6 4 15 8 9 5 12 10 0 2 7 1 11 ;0 1 2 3 4 5 6 7 8 9 10 11 12 13 14 15 ;327;57;397;351433;3;28770;0.596256;589400;BELA*;? Unchecked;v1.6.0-15-gb5144bf
n-puzzle;heavy-cost;26/5;5;4 7 14 13 10 3 9 12 11 5 6 15 1 2 8 0 ;0 1 2 3 4 5 6 7 8 9 10 11 12 13 14 15 ;344;64;438;3218456;4;28770;6.05275;531734;BELA*;? Unchecked;v1.6.0-15-gb5144bf
n-puzzle;heavy-cost;27/5;5;3 6 5 2 10 0 15 14 1 4 13 12 9 8 11 7 ;0 1 2 3 4 5 6 7 8 9 10 11 12 13 14 15 ;305;52;367;340517;5;28770;0.561735;606188;BELA*;? Unchecked;v1.6.0-15-gb5144bf
n-puzzle;heavy-cost;28/5;5;1 7 15 14 2 6 4 9 12 11 13 3 0 8 5 10 ;0 1 2 3 4 5 6 7 8 9 10 11 12 13 14 15 ;302;53;376;484724;4;28770;0.826029;586812;BELA*;? Unchecked;v1.6.0-15-gb5144bf
n-puzzle;heavy-cost;29/5;5;5 0 15 8 4 6 1 14 10 11 3 9 7 12 2 13 ;0 1 2 3 4 5 6 7 8 9 10 11 12 13 14 15 ;308;51;394;1010767;2;28770;1.7572;575214;BELA*;? Unchecked;v1.6.0-15-gb5144bf
n-puzzle;heavy-cost;30/5;5;13 5 4 10 9 12 8 14 2 3 7 1 0 15 11 6 ;0 1 2 3 4 5 6 7 8 9 10 11 12 13 14 15 ;327;61;391;1493097;3;28770;2.74038;544851;BELA*;? Unchecked;v1.6.0-15-gb5144bf
n-puzzle;heavy-cost;31/5;5;10 9 3 11 0 13 2 14 5 6 4 7 8 15 1 12 ;0 1 2 3 4 5 6 7 8 9 10 11 12 13 14 15 ;272;53;386;9271475;4;28770;19.4158;477522;BELA*;? Unchecked;v1.6.0-15-gb5144bf
n-puzzle;heavy-cost;32/5;5;6 12 11 3 13 7 9 15 2 14 8 10 4 1 5 0 ;0 1 2 3 4 5 6 7 8 9 10 11 12 13 14 15 ;288;60;402;5598727;4;28770;10.8819;514500;BELA*;? Unchecked;v1.6.0-15-gb5144bf
n-puzzle;heavy-cost;33/5;5;1 3 2 5 10 9 15 6 8 14 13 11 12 4 7 0 ;0 1 2 3 4 5 6 7 8 9 10 11 12 13 14 15 ;199;44;323;897154;4;28770;1.75716;510571;BELA*;? Unchecked;v1.6.0-15-gb5144bf
n-puzzle;heavy-cost;34/5;5;0 13 2 4 12 14 6 9 15 1 10 3 11 5 8 7 ;0 1 2 3 4 5 6 7 8 9 10 11 12 13 14 15 ;308;56;432;1194575;5;28770;2.01565;592651;BELA*;? Unchecked;v1.6.0-15-gb5144bf
n-puzzle;heavy-cost;35/5;5;7 8 3 2 10 12 4 6 11 13 5 15 0 1 9 14 ;0 1 2 3 4 5 6 7 8 9 10 11 12 13 14 15 ;243;49;315;68205;5;28770;0.100332;679791;BELA*;? Unchecked;v1.6.0-15-gb5144bf
n-puzzle;heavy-cost;36/5;5;9 0 4 10 1 14 15 3 12 6 5 7 11 13 8 2 ;0 1 2 3 4 5 6 7 8 9 10 11 12 13 14 15 ;278;55;380;761006;5;28770;1.41108;539307;BELA*;? Unchecked;v1.6.0-15-gb5144bf
n-puzzle;heavy-cost;37/5;5;6 11 7 8 13 2 5 4 1 10 3 9 14 0 12 15 ;0 1 2 3 4 5 6 7 8 9 10 11 12 13 14 15 ;268;54;362;5259251;5;28770;10.3319;509030;BELA*;? Unchecked;v1.6.0-15-gb5144bf
n-puzzle;heavy-cost;38/5;5;8 4 6 1 14 12 2 15 13 10 9 5 3 7 0 11 ;0 1 2 3 4 5 6 7 8 9 10 11 12 13 14 15 ;273;51;375;2179674;5;28770;4.18391;520966;BELA*;? Unchecked;v1.6.0-15-gb5144bf
n-puzzle;heavy-cost;39/5;5;4 6 12 0 14 2 9 13 11 8 3 15 7 10 1 5 ;0 1 2 3 4 5 6 7 8 9 10 11 12 13 14 15 ;350;65;466;14615385;3;28770;29.0652;502848;BELA*;? Unchecked;v1.6.0-15-gb5144bf
n-puzzle;heavy-cost;00/6;6;0 1 9 7 11 13 5 3 14 12 4 2 8 6 10 15 ;0 1 2 3 4 5 6 7 8 9 10 11 12 13 14 15 ;232;50;316;44616;5;28770;0.0665558;670355;BELA*;? Unchecked;v1.6.0-15-gb5144bf
n-puzzle;heavy-cost;01/6;6;14 1 9 6 4 8 12 5 7 2 3 0 10 11 13 15 ;0 1 2 3 4 5 6 7 8 9 10 11 12 13 14 15 ;302;47;342;34048;6;28770;0.0429325;793060;BELA*;? Unchecked;v1.6.0-15-gb5144bf
n-puzzle;heavy-cost;02/6;6;4 5 7 2 9 14 12 13 0 3 6 11 8 1 15 10 ;0 1 2 3 4 5 6 7 8 9 10 11 12 13 14 15 ;249;44;315;20565;6;28770;0.0255374;805290;BELA*;? Unchecked;v1.6.0-15-gb5144bf
n-puzzle;heavy-cost;03/6;6;13 8 14 3 9 1 0 7 15 5 4 10 12 2 6 11 ;0 1 2 3 4 5 6 7 8 9 10 11 12 13 14 15 ;255;43;327;175282;5;28770;0.291901;600485;BELA*;? Unchecked;v1.6.0-15-gb5144bf
n-puzzle;heavy-cost;04/6;6;9 14 5 7 8 15 1 2 10 4 13 6 12 0 11 3 ;0 1 2 3 4 5 6 7 8 9 10 11 12 13 14 15 ;271;46;327;119433;4;28770;0.178967;667347;BELA*;? Unchecked;v1.6.0-15-gb5144bf
n-puzzle;heavy-cost;05/6;6;7 11 8 3 14 0 6 15 1 4 13 9 5 12 2 10 ;0 1 2 3 4 5 6 7 8 9 10 11 12 13 14 15 ;298;48;370;1275237;5;28770;2.2895;556993;BELA*;? Unchecked;v1.6.0-15-gb5144bf
n-puzzle;heavy-cost;06/6;6;5 7 11 8 0 14 9 13 10 12 3 15 6 1 4 2 ;0 1 2 3 4 5 6 7 8 9 10 11 12 13 14 15 ;335;55;385;103775;5;28770;0.151561;684708;BELA*;? Unchecked;v1.6.0-15-gb5144bf
n-puzzle;heavy-cost;07/6;6;6 10 1 14 15 8 3 5 13 0 2 7 4 9 11 12 ;0 1 2 3 4 5 6 7 8 9 10 11 12 13 14 15 ;324;49;408;2864873;6;28770;5.14985;556302;BELA*;? Unchecked;v1.6.0-15-gb5144bf
n-puzzle;heavy-cost;08/6;6;13 9 14 6 12 8 1 2 3 4 0 7 5 10 11 15 ;0 1 2 3 4 5 6 7 8 9 10 11 12 13 14 15 ;257;48;355;5336620;6;28770;10.4976;508366;BELA*;? Unchecked;v1.6.0-15-gb5144bf
n-puzzle;heavy-cost;09/6;6;3 14 9 11 5 4 8 2 13 12 6 7 10 1 15 0 ;0 1 2 3 4 5 6 7 8 9 10 11 12 13 14 15 ;262;48;326;121822;6;28770;0.189911;641468;BELA*;? Unchecked;v1.6.0-15-gb5144bf
n-puzzle;heavy-cost;10/6;6;14 13 4 11 15 8 6 9 0 7 3 1 2 10 12 5 ;0 1 2 3 4 5 6 7 8 9 10 11 12 13 14 15 ;369;58;465;15645276;6;28770;31.0893;503237;BELA*;? Unchecked;v1.6.0-15-gb5144bf
n-puzzle;heavy-cost;11/6;6;8 11 4 6 7 3 10 9 2 12 15 13 0 1 5 14 ;0 1 2 3 4 5 6 7 8 9 10 11 12 13 14 15 ;284;51;350;445007;3;28770;0.786271;565972;BELA*;? Unchecked;v1.6.0-15-gb5144bf
n-puzzle;heavy-cost;12/6;6;12 15 2 6 1 14 4 8 5 3 7 0 10 13 9 11 ;0 1 2 3 4 5 6 7 8 9 10 11 12 13 14 15 ;302;49;388;2538931;4;28770;4.77927;531239;BELA*;? Unchecked;v1.6.0-15-gb5144bf
n-puzzle;heavy-cost;13/6;6;6 0 5 10 11 12 9 2 1 7 4 3 14 8 13 15 ;0 1 2 3 4 5 6 7 8 9 10 11 12 13 14 15 ;259;45;325;495760;3;28770;0.85439;580250;BELA*;? Unchecked;v1.6.0-15-gb5144bf
n-puzzle;heavy-cost;14/6;6;12 8 15 13 1 0 5 4 6 3 2 11 9 7 14 10 ;0 1 2 3 4 5 6 7 8 9 10 11 12 13 14 15 ;304;52;402;16405516;5;28770;35.8956;457034;BELA*;? Unchecked;v1.6.0-15-gb5144bf
n-puzzle;heavy-cost;15/6;6;4 7 13 10 1 2 9 6 12 8 14 5 3 0 11 15 ;0 1 2 3 4 5 6 7 8 9 10 11 12 13 14 15 ;226;50;318;419203;6;28770;0.758084;552977;BELA*;? Unchecked;v1.6.0-15-gb5144bf
n-puzzle;heavy-cost;16/6;6;6 14 10 5 15 8 7 1 3 4 2 0 12 9 11 13 ;0 1 2 3 4 5 6 7 8 9 10 11 12 13 14 15 ;294;51;352;124522;5;28770;0.183328;679232;BELA*;? Unchecked;v1.6.0-15-gb5144bf
n-puzzle;heavy-cost;17/6;6;13 14 6 12 4 5 1 0 9 3 10 2 15 11 8 7 ;0 1 2 3 4 5 6 7 8 9 10 11 12 13 14 15 ;331;54;429;3091122;5;28770;5.92238;521939;BELA*;? Unchecked;v1.6.0-15-gb5144bf
n-puzzle;heavy-cost;18/6;6;3 14 9 7 12 15 0 4 1 8 5 6 11 10 2 13 ;0 1 2 3 4 5 6 7 8 9 10 11 12 13 14 15 ;324;55;396;902961;4;28770;1.57822;572138;BELA*;? Unchecked;v1.6.0-15-gb5144bf
n-puzzle;heavy-cost;19/6;6;6 13 3 2 11 9 5 10 1 7 12 14 8 4 0 15 ;0 1 2 3 4 5 6 7 8 9 10 11 12 13 14 15 ;248;47;318;67017;6;28770;0.0967567;692634;BELA*;? Unchecked;v1.6.0-15-gb5144bf
n-puzzle;heavy-cost;20/6;6;4 3 6 13 7 15 9 0 10 5 8 11 2 12 1 14 ;0 1 2 3 4 5 6 7 8 9 10 11 12 13 14 15 ;261;52;375;711687;5;28770;1.19884;593646;BELA*;? Unchecked;v1.6.0-15-gb5144bf
n-puzzle;heavy-cost;21/6;6;5 4 7 1 11 12 14 15 10 13 8 6 2 0 9 3 ;0 1 2 3 4 5 6 7 8 9 10 11 12 13 14 15 ;270;52;398;1321697;4;28770;2.39008;552992;BELA*;? Unchecked;v1.6.0-15-gb5144bf
n-puzzle;heavy-cost;22/6;6;5 11 6 9 4 13 12 0 8 2 15 10 1 7 3 14 ;0 1 2 3 4 5 6 7 8 9 10 11 12 13 14 15 ;274;58;378;1515786;3;28770;2.89257;524027;BELA*;? Unchecked;v1.6.0-15-gb5144bf
n-puzzle;heavy-cost;23/6;6;5 7 0 11 12 1 9 10 15 6 2 3 8 4 13 14 ;0 1 2 3 4 5 6 7 8 9 10 11 12 13 14 15 ;245;52;323;993712;4;28770;1.84196;539487;BELA*;? Unchecked;v1.6.0-15-gb5144bf
n-puzzle;heavy-cost;24/6;6;13 0 9 12 11 6 3 5 15 8 1 10 4 14 2 7 ;0 1 2 3 4 5 6 7 8 9 10 11 12 13 14 15 ;340;57;446;15907009;6;28770;32.7065;486356;BELA*;? Unchecked;v1.6.0-15-gb5144bf
n-puzzle;heavy-cost;25/6;6;3 14 13 6 4 15 8 9 5 12 10 0 2 7 1 11 ;0 1 2 3 4 5 6 7 8 9 10 11 12 13 14 15 ;327;59;399;373718;4;28770;0.628963;594181;BELA*;? Unchecked;v1.6.0-15-gb5144bf
n-puzzle;heavy-cost;26/6;6;4 7 14 13 10 3 9 12 11 5 6 15 1 2 8 0 ;0 1 2 3 4 5 6 7 8 9 10 11 12 13 14 15 ;344;64;438;3218456;4;28770;6.07277;529982;BELA*;? Unchecked;v1.6.0-15-gb5144bf
n-puzzle;heavy-cost;27/6;6;3 6 5 2 10 0 15 14 1 4 13 12 9 8 11 7 ;0 1 2 3 4 5 6 7 8 9 10 11 12 13 14 15 ;305;52;367;340517;6;28770;0.558444;609760;BELA*;? Unchecked;v1.6.0-15-gb5144bf
n-puzzle;heavy-cost;28/6;6;1 7 15 14 2 6 4 9 12 11 13 3 0 8 5 10 ;0 1 2 3 4 5 6 7 8 9 10 11 12 13 14 15 ;302;53;376;484813;5;28770;0.810189;598395;BELA*;? Unchecked;v1.6.0-15-gb5144bf
n-puzzle;heavy-cost;29/6;6;5 0 15 8 4 6 1 14 10 11 3 9 7 12 2 13 ;0 1 2 3 4 5 6 7 8 9 10 11 12 13 14 15 ;308;51;394;1010767;2;28770;1.77838;568364;BELA*;? Unchecked;v1.6.0-15-gb5144bf
n-puzzle;heavy-cost;30/6;6;13 5 4 10 9 12 8 14 2 3 7 1 0 15 11 6 ;0 1 2 3 4 5 6 7 8 9 10 11 12 13 14 15 ;327;61;391;1493097;3;28770;2.74443;544045;BELA*;? Unchecked;v1.6.0-15-gb5144bf
n-puzzle;heavy-cost;31/6;6;10 9 3 11 0 13 2 14 5 6 4 7 8 15 1 12 ;0 1 2 3 4 5 6 7 8 9 10 11 12 13 14 15 ;272;53;386;9271475;5;28770;19.4115;477629;BELA*;? Unchecked;v1.6.0-15-gb5144bf
n-puzzle;heavy-cost;32/6;6;6 12 11 3 13 7 9 15 2 14 8 10 4 1 5 0 ;0 1 2 3 4 5 6 7 8 9 10 11 12 13 14 15 ;288;60;402;5598727;4;28770;10.8822;514487;BELA*;? Unchecked;v1.6.0-15-gb5144bf
n-puzzle;heavy-cost;33/6;6;1 3 2 5 10 9 15 6 8 14 13 11 12 4 7 0 ;0 1 2 3 4 5 6 7 8 9 10 11 12 13 14 15 ;199;48;323;897154;5;28770;1.76285;508923;BELA*;? Unchecked;v1.6.0-15-gb5144bf
n-puzzle;heavy-cost;34/6;6;0 13 2 4 12 14 6 9 15 1 10 3 11 5 8 7 ;0 1 2 3 4 5 6 7 8 9 10 11 12 13 14 15 ;308;56;432;1194575;6;28770;2.01971;591458;BELA*;? Unchecked;v1.6.0-15-gb5144bf
n-puzzle;heavy-cost;35/6;6;7 8 3 2 10 12 4 6 11 13 5 15 0 1 9 14 ;0 1 2 3 4 5 6 7 8 9 10 11 12 13 14 15 ;243;49;315;68205;6;28770;0.102893;662872;BELA*;? Unchecked;v1.6.0-15-gb5144bf
n-puzzle;heavy-cost;36/6;6;9 0 4 10 1 14 15 3 12 6 5 7 11 13 8 2 ;0 1 2 3 4 5 6 7 8 9 10 11 12 13 14 15 ;278;55;380;761006;6;28770;1.43066;531927;BELA*;? Unchecked;v1.6.0-15-gb5144bf
n-puzzle;heavy-cost;37/6;6;6 11 7 8 13 2 5 4 1 10 3 9 14 0 12 15 ;0 1 2 3 4 5 6 7 8 9 10 11 12 13 14 15 ;268;54;362;5259251;6;28770;10.3524;508021;BELA*;? Unchecked;v1.6.0-15-gb5144bf
n-puzzle;heavy-cost;38/6;6;8 4 6 1 14 12 2 15 13 10 9 5 3 7 0 11 ;0 1 2 3 4 5 6 7 8 9 10 11 12 13 14 15 ;273;51;375;2179674;6;28770;4.18667;520622;BELA*;? Unchecked;v1.6.0-15-gb5144bf
n-puzzle;heavy-cost;39/6;6;4 6 12 0 14 2 9 13 11 8 3 15 7 10 1 5 ;0 1 2 3 4 5 6 7 8 9 10 11 12 13 14 15 ;350;65;466;14615385;4;28770;29.3722;497593;BELA*;? Unchecked;v1.6.0-15-gb5144bf
n-puzzle;heavy-cost;00/7;7;0 1 9 7 11 13 5 3 14 12 4 2 8 6 10 15 ;0 1 2 3 4 5 6 7 8 9 10 11 12 13 14 15 ;232;50;316;44616;5;28770;0.0657668;678397;BELA*;? Unchecked;v1.6.0-15-gb5144bf
n-puzzle;heavy-cost;01/7;7;14 1 9 6 4 8 12 5 7 2 3 0 10 11 13 15 ;0 1 2 3 4 5 6 7 8 9 10 11 12 13 14 15 ;302;49;344;45678;7;28770;0.0627147;728346;BELA*;? Unchecked;v1.6.0-15-gb5144bf
n-puzzle;heavy-cost;02/7;7;4 5 7 2 9 14 12 13 0 3 6 11 8 1 15 10 ;0 1 2 3 4 5 6 7 8 9 10 11 12 13 14 15 ;249;44;315;20565;7;28770;0.02537;810604;BELA*;? Unchecked;v1.6.0-15-gb5144bf
n-puzzle;heavy-cost;03/7;7;13 8 14 3 9 1 0 7 15 5 4 10 12 2 6 11 ;0 1 2 3 4 5 6 7 8 9 10 11 12 13 14 15 ;255;43;327;175282;5;28770;0.302031;580343;BELA*;? Unchecked;v1.6.0-15-gb5144bf
n-puzzle;heavy-cost;04/7;7;9 14 5 7 8 15 1 2 10 4 13 6 12 0 11 3 ;0 1 2 3 4 5 6 7 8 9 10 11 12 13 14 15 ;271;46;327;119433;5;28770;0.179207;666451;BELA*;? Unchecked;v1.6.0-15-gb5144bf
n-puzzle;heavy-cost;05/7;7;7 11 8 3 14 0 6 15 1 4 13 9 5 12 2 10 ;0 1 2 3 4 5 6 7 8 9 10 11 12 13 14 15 ;298;48;370;1275237;5;28770;2.32532;548414;BELA*;? Unchecked;v1.6.0-15-gb5144bf
n-puzzle;heavy-cost;06/7;7;5 7 11 8 0 14 9 13 10 12 3 15 6 1 4 2 ;0 1 2 3 4 5 6 7 8 9 10 11 12 13 14 15 ;335;55;385;103775;6;28770;0.146056;710517;BELA*;? Unchecked;v1.6.0-15-gb5144bf
n-puzzle;heavy-cost;07/7;7;6 10 1 14 15 8 3 5 13 0 2 7 4 9 11 12 ;0 1 2 3 4 5 6 7 8 9 10 11 12 13 14 15 ;324;51;410;3499175;7;28770;6.78905;515414;BELA*;? Unchecked;v1.6.0-15-gb5144bf
n-puzzle;heavy-cost;08/7;7;13 9 14 6 12 8 1 2 3 4 0 7 5 10 11 15 ;0 1 2 3 4 5 6 7 8 9 10 11 12 13 14 15 ;257;48;355;5460577;7;28770;10.8366;503903;BELA*;? Unchecked;v1.6.0-15-gb5144bf
n-puzzle;heavy-cost;09/7;7;3 14 9 11 5 4 8 2 13 12 6 7 10 1 15 0 ;0 1 2 3 4 5 6 7 8 9 10 11 12 13 14 15 ;262;48;326;124884;7;28770;0.197319;632904;BELA*;? Unchecked;v1.6.0-15-gb5144bf
n-puzzle;heavy-cost;10/7;7;14 13 4 11 15 8 6 9 0 7 3 1 2 10 12 5 ;0 1 2 3 4 5 6 7 8 9 10 11 12 13 14 15 ;369;58;465;15645282;7;28770;31.3564;498951;BELA*;? Unchecked;v1.6.0-15-gb5144bf
n-puzzle;heavy-cost;11/7;7;8 11 4 6 7 3 10 9 2 12 15 13 0 1 5 14 ;0 1 2 3 4 5 6 7 8 9 10 11 12 13 14 15 ;284;51;350;445007;4;28770;0.783124;568246;BELA*;? Unchecked;v1.6.0-15-gb5144bf
n-puzzle;heavy-cost;12/7;7;12 15 2 6 1 14 4 8 5 3 7 0 10 13 9 11 ;0 1 2 3 4 5 6 7 8 9 10 11 12 13 14 15 ;302;49;388;2538931;4;28770;4.75924;533474;BELA*;? Unchecked;v1.6.0-15-gb5144bf
n-puzzle;heavy-cost;13/7;7;6 0 5 10 11 12 9 2 1 7 4 3 14 8 13 15 ;0 1 2 3 4 5 6 7 8 9 10 11 12 13 14 15 ;259;45;325;495764;4;28770;0.859632;576716;BELA*;? Unchecked;v1.6.0-15-gb5144bf
n-puzzle;heavy-cost;14/7;7;12 8 15 13 1 0 5 4 6 3 2 11 9 7 14 10 ;0 1 2 3 4 5 6 7 8 9 10 11 12 13 14 15 ;304;52;402;16405516;5;28770;35.6;460828;BELA*;? Unchecked;v1.6.0-15-gb5144bf
n-puzzle;heavy-cost;15/7;7;4 7 13 10 1 2 9 6 12 8 14 5 3 0 11 15 ;0 1 2 3 4 5 6 7 8 9 10 11 12 13 14 15 ;226;50;318;419203;7;28770;0.746904;561254;BELA*;? Unchecked;v1.6.0-15-gb5144bf
n-puzzle;heavy-cost;16/7;7;6 14 10 5 15 8 7 1 3 4 2 0 12 9 11 13 ;0 1 2 3 4 5 6 7 8 9 10 11 12 13 14 15 ;294;51;352;124522;6;28770;0.183061;680220;BELA*;? Unchecked;v1.6.0-15-gb5144bf
n-puzzle;heavy-cost;17/7;7;13 14 6 12 4 5 1 0 9 3 10 2 15 11 8 7 ;0 1 2 3 4 5 6 7 8 9 10 11 12 13 14 15 ;331;54;429;3091122;5;28770;5.91866;522268;BELA*;? Unchecked;v1.6.0-15-gb5144bf
n-puzzle;heavy-cost;18/7;7;3 14 9 7 12 15 0 4 1 8 5 6 11 10 2 13 ;0 1 2 3 4 5 6 7 8 9 10 11 12 13 14 15 ;324;55;396;902961;4;28770;1.59249;567012;BELA*;? Unchecked;v1.6.0-15-gb5144bf
n-puzzle;heavy-cost;19/7;7;6 13 3 2 11 9 5 10 1 7 12 14 8 4 0 15 ;0 1 2 3 4 5 6 7 8 9 10 11 12 13 14 15 ;248;49;320;80599;7;28770;0.119603;673886;BELA*;? Unchecked;v1.6.0-15-gb5144bf
n-puzzle;heavy-cost;20/7;7;4 3 6 13 7 15 9 0 10 5 8 11 2 12 1 14 ;0 1 2 3 4 5 6 7 8 9 10 11 12 13 14 15 ;261;52;375;711687;6;28770;1.21193;587233;BELA*;? Unchecked;v1.6.0-15-gb5144bf
n-puzzle;heavy-cost;21/7;7;5 4 7 1 11 12 14 15 10 13 8 6 2 0 9 3 ;0 1 2 3 4 5 6 7 8 9 10 11 12 13 14 15 ;270;52;398;1321698;5;28770;2.37113;557412;BELA*;? Unchecked;v1.6.0-15-gb5144bf
n-puzzle;heavy-cost;22/7;7;5 11 6 9 4 13 12 0 8 2 15 10 1 7 3 14 ;0 1 2 3 4 5 6 7 8 9 10 11 12 13 14 15 ;274;58;378;1515786;4;28770;2.87941;526423;BELA*;? Unchecked;v1.6.0-15-gb5144bf
n-puzzle;heavy-cost;23/7;7;5 7 0 11 12 1 9 10 15 6 2 3 8 4 13 14 ;0 1 2 3 4 5 6 7 8 9 10 11 12 13 14 15 ;245;52;323;993712;5;28770;1.83463;541643;BELA*;? Unchecked;v1.6.0-15-gb5144bf
n-puzzle;heavy-cost;24/7;7;13 0 9 12 11 6 3 5 15 8 1 10 4 14 2 7 ;0 1 2 3 4 5 6 7 8 9 10 11 12 13 14 15 ;340;57;446;15907009;7;28770;32.4525;490162;BELA*;? Unchecked;v1.6.0-15-gb5144bf
n-puzzle;heavy-cost;25/7;7;3 14 13 6 4 15 8 9 5 12 10 0 2 7 1 11 ;0 1 2 3 4 5 6 7 8 9 10 11 12 13 14 15 ;327;59;399;373718;5;28770;0.639549;584346;BELA*;? Unchecked;v1.6.0-15-gb5144bf
n-puzzle;heavy-cost;26/7;7;4 7 14 13 10 3 9 12 11 5 6 15 1 2 8 0 ;0 1 2 3 4 5 6 7 8 9 10 11 12 13 14 15 ;344;64;438;3218456;5;28770;6.06891;530319;BELA*;? Unchecked;v1.6.0-15-gb5144bf
n-puzzle;heavy-cost;27/7;7;3 6 5 2 10 0 15 14 1 4 13 12 9 8 11 7 ;0 1 2 3 4 5 6 7 8 9 10 11 12 13 14 15 ;305;52;367;340517;7;28770;0.558376;609835;BELA*;? Unchecked;v1.6.0-15-gb5144bf
n-puzzle;heavy-cost;28/7;7;1 7 15 14 2 6 4 9 12 11 13 3 0 8 5 10 ;0 1 2 3 4 5 6 7 8 9 10 11 12 13 14 15 ;302;53;376;484913;6;28770;0.831405;583245;BELA*;? Unchecked;v1.6.0-15-gb5144bf
n-puzzle;heavy-cost;29/7;7;5 0 15 8 4 6 1 14 10 11 3 9 7 12 2 13 ;0 1 2 3 4 5 6 7 8 9 10 11 12 13 14 15 ;308;51;394;1010792;3;28770;1.7722;570360;BELA*;? Unchecked;v1.6.0-15-gb5144bf
n-puzzle;heavy-cost;30/7;7;13 5 4 10 9 12 8 14 2 3 7 1 0 15 11 6 ;0 1 2 3 4 5 6 7 8 9 10 11 12 13 14 15 ;327;61;391;1493097;4;28770;2.75156;542636;BELA*;? Unchecked;v1.6.0-15-gb5144bf
n-puzzle;heavy-cost;31/7;7;10 9 3 11 0 13 2 14 5 6 4 7 8 15 1 12 ;0 1 2 3 4 5 6 7 8 9 10 11 12 13 14 15 ;272;53;386;9271475;5;28770;19.4156;477527;BELA*;? Unchecked;v1.6.0-15-gb5144bf
n-puzzle;heavy-cost;32/7;7;6 12 11 3 13 7 9 15 2 14 8 10 4 1 5 0 ;0 1 2 3 4 5 6 7 8 9 10 11 12 13 14 15 ;288;60;402;5598727;5;28770;10.8948;513889;BELA*;? Unchecked;v1.6.0-15-gb5144bf
n-puzzle;heavy-cost;33/7;7;1 3 2 5 10 9 15 6 8 14 13 11 12 4 7 0 ;0 1 2 3 4 5 6 7 8 9 10 11 12 13 14 15 ;199;48;323;897154;6;28770;1.77175;506367;BELA*;? Unchecked;v1.6.0-15-gb5144bf
n-puzzle;heavy-cost;34/7;7;0 13 2 4 12 14 6 9 15 1 10 3 11 5 8 7 ;0 1 2 3 4 5 6 7 8 9 10 11 12 13 14 15 ;308;56;432;1194575;7;28770;2.02131;590991;BELA*;? Unchecked;v1.6.0-15-gb5144bf
n-puzzle;heavy-cost;35/7;7;7 8 3 2 10 12 4 6 11 13 5 15 0 1 9 14 ;0 1 2 3 4 5 6 7 8 9 10 11 12 13 14 15 ;243;49;315;68205;6;28770;0.101287;673381;BELA*;? Unchecked;v1.6.0-15-gb5144bf
n-puzzle;heavy-cost;36/7;7;9 0 4 10 1 14 15 3 12 6 5 7 11 13 8 2 ;0 1 2 3 4 5 6 7 8 9 10 11 12 13 14 15 ;278;55;380;761006;7;28770;1.41389;538234;BELA*;? Unchecked;v1.6.0-15-gb5144bf
n-puzzle;heavy-cost;37/7;7;6 11 7 8 13 2 5 4 1 10 3 9 14 0 12 15 ;0 1 2 3 4 5 6 7 8 9 10 11 12 13 14 15 ;268;54;362;5259251;6;28770;10.3588;507708;BELA*;? Unchecked;v1.6.0-15-gb5144bf
n-puzzle;heavy-cost;38/7;7;8 4 6 1 14 12 2 15 13 10 9 5 3 7 0 11 ;0 1 2 3 4 5 6 7 8 9 10 11 12 13 14 15 ;273;51;375;2349603;7;28770;4.5445;517021;BELA*;? Unchecked;v1.6.0-15-gb5144bf
n-puzzle;heavy-cost;39/7;7;4 6 12 0 14 2 9 13 11 8 3 15 7 10 1 5 ;0 1 2 3 4 5 6 7 8 9 10 11 12 13 14 15 ;350;65;466;14615385;5;28770;29.3583;497829;BELA*;? Unchecked;v1.6.0-15-gb5144bf
n-puzzle;heavy-cost;00/8;8;0 1 9 7 11 13 5 3 14 12 4 2 8 6 10 15 ;0 1 2 3 4 5 6 7 8 9 10 11 12 13 14 15 ;232;50;316;44616;6;28770;0.0665074;670843;BELA*;? Unchecked;v1.6.0-15-gb5144bf
n-puzzle;heavy-cost;01/8;8;14 1 9 6 4 8 12 5 7 2 3 0 10 11 13 15 ;0 1 2 3 4 5 6 7 8 9 10 11 12 13 14 15 ;302;49;344;45678;8;28770;0.0629719;725371;BELA*;? Unchecked;v1.6.0-15-gb5144bf
n-puzzle;heavy-cost;02/8;8;4 5 7 2 9 14 12 13 0 3 6 11 8 1 15 10 ;0 1 2 3 4 5 6 7 8 9 10 11 12 13 14 15 ;249;44;315;20565;7;28770;0.0256087;803046;BELA*;? Unchecked;v1.6.0-15-gb5144bf
n-puzzle;heavy-cost;03/8;8;13 8 14 3 9 1 0 7 15 5 4 10 12 2 6 11 ;0 1 2 3 4 5 6 7 8 9 10 11 12 13 14 15 ;255;43;327;175282;6;28770;0.296053;592063;BELA*;? Unchecked;v1.6.0-15-gb5144bf
n-puzzle;heavy-cost;04/8;8;9 14 5 7 8 15 1 2 10 4 13 6 12 0 11 3 ;0 1 2 3 4 5 6 7 8 9 10 11 12 13 14 15 ;271;46;327;119433;5;28770;0.181217;659062;BELA*;? Unchecked;v1.6.0-15-gb5144bf
n-puzzle;heavy-cost;05/8;8;7 11 8 3 14 0 6 15 1 4 13 9 5 12 2 10 ;0 1 2 3 4 5 6 7 8 9 10 11 12 13 14 15 ;298;48;370;1275237;6;28770;2.31895;549920;BELA*;? Unchecked;v1.6.0-15-gb5144bf
n-puzzle;heavy-cost;06/8;8;5 7 11 8 0 14 9 13 10 12 3 15 6 1 4 2 ;0 1 2 3 4 5 6 7 8 9 10 11 12 13 14 15 ;335;55;385;103775;6;28770;0.143939;720963;BELA*;? Unchecked;v1.6.0-15-gb5144bf
n-puzzle;heavy-cost;07/8;8;6 10 1 14 15 8 3 5 13 0 2 7 4 9 11 12 ;0 1 2 3 4 5 6 7 8 9 10 11 12 13 14 15 ;324;51;410;3499175;8;28770;6.74172;519033;BELA*;? Unchecked;v1.6.0-15-gb5144bf
n-puzzle;heavy-cost;08/8;8;13 9 14 6 12 8 1 2 3 4 0 7 5 10 11 15 ;0 1 2 3 4 5 6 7 8 9 10 11 12 13 14 15 ;257;48;355;5460578;8;28770;10.815;504909;BELA*;? Unchecked;v1.6.0-15-gb5144bf
n-puzzle;heavy-cost;09/8;8;3 14 9 11 5 4 8 2 13 12 6 7 10 1 15 0 ;0 1 2 3 4 5 6 7 8 9 10 11 12 13 14 15 ;262;48;326;124884;8;28770;0.195692;638166;BELA*;? Unchecked;v1.6.0-15-gb5144bf
n-puzzle;heavy-cost;10/8;8;14 13 4 11 15 8 6 9 0 7 3 1 2 10 12 5 ;0 1 2 3 4 5 6 7 8 9 10 11 12 13 14 15 ;369;58;465;15645300;8;28770;31.4208;497928;BELA*;? Unchecked;v1.6.0-15-gb5144bf
n-puzzle;heavy-cost;11/8;8;8 11 4 6 7 3 10 9 2 12 15 13 0 1 5 14 ;0 1 2 3 4 5 6 7 8 9 10 11 12 13 14 15 ;284;51;350;445007;4;28770;0.774469;574596;BELA*;? Unchecked;v1.6.0-15-gb5144bf
n-puzzle;heavy-cost;12/8;8;12 15 2 6 1 14 4 8 5 3 7 0 10 13 9 11 ;0 1 2 3 4 5 6 7 8 9 10 11 12 13 14 15 ;302;49;388;2538931;5;28770;4.73217;536525;BELA*;? Unchecked;v1.6.0-15-gb5144bf
n-puzzle;heavy-cost;13/8;8;6 0 5 10 11 12 9 2 1 7 4 3 14 8 13 15 ;0 1 2 3 4 5 6 7 8 9 10 11 12 13 14 15 ;259;45;325;495764;4;28770;0.843743;587577;BELA*;? Unchecked;v1.6.0-15-gb5144bf
n-puzzle;heavy-cost;14/8;8;12 8 15 13 1 0 5 4 6 3 2 11 9 7 14 10 ;0 1 2 3 4 5 6 7 8 9 10 11 12 13 14 15 ;304;52;402;16405516;5;28770;35.6028;460793;BELA*;? Unchecked;v1.6.0-15-gb5144bf
n-puzzle;heavy-cost;15/8;8;4 7 13 10 1 2 9 6 12 8 14 5 3 0 11 15 ;0 1 2 3 4 5 6 7 8 9 10 11 12 13 14 15 ;226;50;318;419203;7;28770;0.741247;565537;BELA*;? Unchecked;v1.6.0-15-gb5144bf
n-puzzle;heavy-cost;16/8;8;6 14 10 5 15 8 7 1 3 4 2 0 12 9 11 13 ;0 1 2 3 4 5 6 7 8 9 10 11 12 13 14 15 ;294;51;352;124522;7;28770;0.181158;687366;BELA*;? Unchecked;v1.6.0-15-gb5144bf
n-puzzle;heavy-cost;17/8;8;13 14 6 12 4 5 1 0 9 3 10 2 15 11 8 7 ;0 1 2 3 4 5 6 7 8 9 10 11 12 13 14 15 ;331;54;429;3091122;6;28770;5.84303;529027;BELA*;? Unchecked;v1.6.0-15-gb5144bf
n-puzzle;heavy-cost;18/8;8;3 14 9 7 12 15 0 4 1 8 5 6 11 10 2 13 ;0 1 2 3 4 5 6 7 8 9 10 11 12 13 14 15 ;324;55;396;902961;5;28770;1.57351;573852;BELA*;? Unchecked;v1.6.0-15-gb5144bf
n-puzzle;heavy-cost;19/8;8;6 13 3 2 11 9 5 10 1 7 12 14 8 4 0 15 ;0 1 2 3 4 5 6 7 8 9 10 11 12 13 14 15 ;248;49;320;80599;7;28770;0.119332;675420;BELA*;? Unchecked;v1.6.0-15-gb5144bf
n-puzzle;heavy-cost;20/8;8;4 3 6 13 7 15 9 0 10 5 8 11 2 12 1 14 ;0 1 2 3 4 5 6 7 8 9 10 11 12 13 14 15 ;261;52;375;711687;6;28770;1.19465;595727;BELA*;? Unchecked;v1.6.0-15-gb5144bf
n-puzzle;heavy-cost;21/8;8;5 4 7 1 11 12 14 15 10 13 8 6 2 0 9 3 ;0 1 2 3 4 5 6 7 8 9 10 11 12 13 14 15 ;270;52;398;1321698;5;28770;2.38116;555066;BELA*;? Unchecked;v1.6.0-15-gb5144bf
n-puzzle;heavy-cost;22/8;8;5 11 6 9 4 13 12 0 8 2 15 10 1 7 3 14 ;0 1 2 3 4 5 6 7 8 9 10 11 12 13 14 15 ;274;58;378;1515786;5;28770;2.88482;525435;BELA*;? Unchecked;v1.6.0-15-gb5144bf
n-puzzle;heavy-cost;23/8;8;5 7 0 11 12 1 9 10 15 6 2 3 8 4 13 14 ;0 1 2 3 4 5 6 7 8 9 10 11 12 13 14 15 ;245;52;323;993712;6;28770;1.85608;535382;BELA*;? Unchecked;v1.6.0-15-gb5144bf
n-puzzle;heavy-cost;24/8;8;13 0 9 12 11 6 3 5 15 8 1 10 4 14 2 7 ;0 1 2 3 4 5 6 7 8 9 10 11 12 13 14 15 ;340;53;446;16016588;8;28770;32.6045;491239;BELA*;? Unchecked;v1.6.0-15-gb5144bf
n-puzzle;heavy-cost;25/8;8;3 14 13 6 4 15 8 9 5 12 10 0 2 7 1 11 ;0 1 2 3 4 5 6 7 8 9 10 11 12 13 14 15 ;327;59;399;373718;6;28770;0.645227;579204;BELA*;? Unchecked;v1.6.0-15-gb5144bf
n-puzzle;heavy-cost;26/8;8;4 7 14 13 10 3 9 12 11 5 6 15 1 2 8 0 ;0 1 2 3 4 5 6 7 8 9 10 11 12 13 14 15 ;344;64;438;3218456;5;28770;6.01655;534934;BELA*;? Unchecked;v1.6.0-15-gb5144bf
n-puzzle;heavy-cost;27/8;8;3 6 5 2 10 0 15 14 1 4 13 12 9 8 11 7 ;0 1 2 3 4 5 6 7 8 9 10 11 12 13 14 15 ;305;52;367;340517;8;28770;0.553386;615334;BELA*;? Unchecked;v1.6.0-15-gb5144bf
n-puzzle;heavy-cost;28/8;8;1 7 15 14 2 6 4 9 12 11 13 3 0 8 5 10 ;0 1 2 3 4 5 6 7 8 9 10 11 12 13 14 15 ;302;55;378;582221;7;28770;0.978776;594846;BELA*;? Unchecked;v1.6.0-15-gb5144bf
n-puzzle;heavy-cost;29/8;8;5 0 15 8 4 6 1 14 10 11 3 9 7 12 2 13 ;0 1 2 3 4 5 6 7 8 9 10 11 12 13 14 15 ;308;51;394;1010792;3;28770;1.75038;577469;BELA*;? Unchecked;v1.6.0-15-gb5144bf
n-puzzle;heavy-cost;30/8;8;13 5 4 10 9 12 8 14 2 3 7 1 0 15 11 6 ;0 1 2 3 4 5 6 7 8 9 10 11 12 13 14 15 ;327;61;391;1493097;4;28770;2.747;543536;BELA*;? Unchecked;v1.6.0-15-gb5144bf
n-puzzle;heavy-cost;31/8;8;10 9 3 11 0 13 2 14 5 6 4 7 8 15 1 12 ;0 1 2 3 4 5 6 7 8 9 10 11 12 13 14 15 ;272;53;386;9271475;6;28770;19.2305;482123;BELA*;? Unchecked;v1.6.0-15-gb5144bf
n-puzzle;heavy-cost;32/8;8;6 12 11 3 13 7 9 15 2 14 8 10 4 1 5 0 ;0 1 2 3 4 5 6 7 8 9 10 11 12 13 14 15 ;288;60;402;5598727;5;28770;10.7907;518849;BELA*;? Unchecked;v1.6.0-15-gb5144bf
n-puzzle;heavy-cost;33/8;8;1 3 2 5 10 9 15 6 8 14 13 11 12 4 7 0 ;0 1 2 3 4 5 6 7 8 9 10 11 12 13 14 15 ;199;48;323;897154;7;28770;1.74632;513740;BELA*;? Unchecked;v1.6.0-15-gb5144bf
n-puzzle;heavy-cost;34/8;8;0 13 2 4 12 14 6 9 15 1 10 3 11 5 8 7 ;0 1 2 3 4 5 6 7 8 9 10 11 12 13 14 15 ;308;56;432;1194575;8;28770;2.01966;591473;BELA*;? Unchecked;v1.6.0-15-gb5144bf
n-puzzle;heavy-cost;35/8;8;7 8 3 2 10 12 4 6 11 13 5 15 0 1 9 14 ;0 1 2 3 4 5 6 7 8 9 10 11 12 13 14 15 ;243;49;315;68205;7;28770;0.100324;679847;BELA*;? Unchecked;v1.6.0-15-gb5144bf
n-puzzle;heavy-cost;36/8;8;9 0 4 10 1 14 15 3 12 6 5 7 11 13 8 2 ;0 1 2 3 4 5 6 7 8 9 10 11 12 13 14 15 ;278;55;380;761006;8;28770;1.43613;529899;BELA*;? Unchecked;v1.6.0-15-gb5144bf
n-puzzle;heavy-cost;37/8;8;6 11 7 8 13 2 5 4 1 10 3 9 14 0 12 15 ;0 1 2 3 4 5 6 7 8 9 10 11 12 13 14 15 ;268;54;362;5259251;7;28770;10.2664;512278;BELA*;? Unchecked;v1.6.0-15-gb5144bf
n-puzzle;heavy-cost;38/8;8;8 4 6 1 14 12 2 15 13 10 9 5 3 7 0 11 ;0 1 2 3 4 5 6 7 8 9 10 11 12 13 14 15 ;273;53;377;2599312;8;28770;4.97414;522565;BELA*;? Unchecked;v1.6.0-15-gb5144bf
n-puzzle;heavy-cost;39/8;8;4 6 12 0 14 2 9 13 11 8 3 15 7 10 1 5 ;0 1 2 3 4 5 6 7 8 9 10 11 12 13 14 15 ;350;65;466;14615385;6;28770;29.0616;502910;BELA*;? Unchecked;v1.6.0-15-gb5144bf
n-puzzle;heavy-cost;00/9;9;0 1 9 7 11 13 5 3 14 12 4 2 8 6 10 15 ;0 1 2 3 4 5 6 7 8 9 10 11 12 13 14 15 ;232;50;316;44616;6;28770;0.0680416;655716;BELA*;? Unchecked;v1.6.0-15-gb5144bf
n-puzzle;heavy-cost;01/9;9;14 1 9 6 4 8 12 5 7 2 3 0 10 11 13 15 ;0 1 2 3 4 5 6 7 8 9 10 11 12 13 14 15 ;302;49;344;45678;8;28770;0.0628009;727346;BELA*;? Unchecked;v1.6.0-15-gb5144bf
n-puzzle;heavy-cost;02/9;9;4 5 7 2 9 14 12 13 0 3 6 11 8 1 15 10 ;0 1 2 3 4 5 6 7 8 9 10 11 12 13 14 15 ;249;44;315;20565;8;28770;0.0256819;800760;BELA*;? Unchecked;v1.6.0-15-gb5144bf
n-puzzle;heavy-cost;03/9;9;13 8 14 3 9 1 0 7 15 5 4 10 12 2 6 11 ;0 1 2 3 4 5 6 7 8 9 10 11 12 13 14 15 ;255;43;327;175282;6;28770;0.298944;586337;BELA*;? Unchecked;v1.6.0-15-gb5144bf
n-puzzle;heavy-cost;04/9;9;9 14 5 7 8 15 1 2 10 4 13 6 12 0 11 3 ;0 1 2 3 4 5 6 7 8 9 10 11 12 13 14 15 ;271;46;327;119433;6;28770;0.196389;608144;BELA*;? Unchecked;v1.6.0-15-gb5144bf
n-puzzle;heavy-cost;05/9;9;7 11 8 3 14 0 6 15 1 4 13 9 5 12 2 10 ;0 1 2 3 4 5 6 7 8 9 10 11 12 13 14 15 ;298;48;370;1275237;6;28770;2.29351;556019;BELA*;? Unchecked;v1.6.0-15-gb5144bf
n-puzzle;heavy-cost;06/9;9;5 7 11 8 0 14 9 13 10 12 3 15 6 1 4 2 ;0 1 2 3 4 5 6 7 8 9 10 11 12 13 14 15 ;335;55;385;103775;7;28770;0.144656;717389;BELA*;? Unchecked;v1.6.0-15-gb5144bf
n-puzzle;heavy-cost;07/9;9;6 10 1 14 15 8 3 5 13 0 2 7 4 9 11 12 ;0 1 2 3 4 5 6 7 8 9 10 11 12 13 14 15 ;324;51;410;3499175;8;28770;6.72419;520386;BELA*;? Unchecked;v1.6.0-15-gb5144bf
n-puzzle;heavy-cost;08/9;9;13 9 14 6 12 8 1 2 3 4 0 7 5 10 11 15 ;0 1 2 3 4 5 6 7 8 9 10 11 12 13 14 15 ;257;48;355;5460580;9;28770;10.7231;509235;BELA*;? Unchecked;v1.6.0-15-gb5144bf
n-puzzle;heavy-cost;09/9;9;3 14 9 11 5 4 8 2 13 12 6 7 10 1 15 0 ;0 1 2 3 4 5 6 7 8 9 10 11 12 13 14 15 ;262;48;326;124886;9;28770;0.198167;630205;BELA*;? Unchecked;v1.6.0-15-gb5144bf
n-puzzle;heavy-cost;10/9;9;14 13 4 11 15 8 6 9 0 7 3 1 2 10 12 5 ;0 1 2 3 4 5 6 7 8 9 10 11 12 13 14 15 ;369;58;465;15645300;9;28770;31.1244;502670;BELA*;? Unchecked;v1.6.0-15-gb5144bf
n-puzzle;heavy-cost;11/9;9;8 11 4 6 7 3 10 9 2 12 15 13 0 1 5 14 ;0 1 2 3 4 5 6 7 8 9 10 11 12 13 14 15 ;284;51;350;445007;5;28770;0.763949;582509;BELA*;? Unchecked;v1.6.0-15-gb5144bf
n-puzzle;heavy-cost;12/9;9;12 15 2 6 1 14 4 8 5 3 7 0 10 13 9 11 ;0 1 2 3 4 5 6 7 8 9 10 11 12 13 14 15 ;302;49;388;2538931;5;28770;4.68085;542409;BELA*;? Unchecked;v1.6.0-15-gb5144bf
n-puzzle;heavy-cost;13/9;9;6 0 5 10 11 12 9 2 1 7 4 3 14 8 13 15 ;0 1 2 3 4 5 6 7 8 9 10 11 12 13 14 15 ;259;47;327;551628;5;28770;0.947216;582368;BELA*;? Unchecked;v1.6.0-15-gb5144bf
n-puzzle;heavy-cost;14/9;9;12 8 15 13 1 0 5 4 6 3 2 11 9 7 14 10 ;0 1 2 3 4 5 6 7 8 9 10 11 12 13 14 15 ;304;52;402;16405516;6;28770;35.2701;465139;BELA*;? Unchecked;v1.6.0-15-gb5144bf
n-puzzle;heavy-cost;15/9;9;4 7 13 10 1 2 9 6 12 8 14 5 3 0 11 15 ;0 1 2 3 4 5 6 7 8 9 10 11 12 13 14 15 ;226;50;318;419203;7;28770;0.752992;556716;BELA*;? Unchecked;v1.6.0-15-gb5144bf
n-puzzle;heavy-cost;16/9;9;6 14 10 5 15 8 7 1 3 4 2 0 12 9 11 13 ;0 1 2 3 4 5 6 7 8 9 10 11 12 13 14 15 ;294;51;352;130563;8;28770;0.190328;685991;BELA*;? Unchecked;v1.6.0-15-gb5144bf
n-puzzle;heavy-cost;17/9;9;13 14 6 12 4 5 1 0 9 3 10 2 15 11 8 7 ;0 1 2 3 4 5 6 7 8 9 10 11 12 13 14 15 ;331;54;429;3091122;6;28770;5.96156;518509;BELA*;? Unchecked;v1.6.0-15-gb5144bf
n-puzzle;heavy-cost;18/9;9;3 14 9 7 12 15 0 4 1 8 5 6 11 10 2 13 ;0 1 2 3 4 5 6 7 8 9 10 11 12 13 14 15 ;324;55;396;902961;6;28770;1.58383;570114;BELA*;? Unchecked;v1.6.0-15-gb5144bf
n-puzzle;heavy-cost;19/9;9;6 13 3 2 11 9 5 10 1 7 12 14 8 4 0 15 ;0 1 2 3 4 5 6 7 8 9 10 11 12 13 14 15 ;248;49;320;80599;7;28770;0.11741;686473;BELA*;? Unchecked;v1.6.0-15-gb5144bf
n-puzzle;heavy-cost;20/9;9;4 3 6 13 7 15 9 0 10 5 8 11 2 12 1 14 ;0 1 2 3 4 5 6 7 8 9 10 11 12 13 14 15 ;261;52;375;711687;7;28770;1.20532;590457;BELA*;? Unchecked;v1.6.0-15-gb5144bf
n-puzzle;heavy-cost;21/9;9;5 4 7 1 11 12 14 15 10 13 8 6 2 0 9 3 ;0 1 2 3 4 5 6 7 8 9 10 11 12 13 14 15 ;270;52;398;1321698;6;28770;2.38865;553325;BELA*;? Unchecked;v1.6.0-15-gb5144bf
n-puzzle;heavy-cost;22/9;9;5 11 6 9 4 13 12 0 8 2 15 10 1 7 3 14 ;0 1 2 3 4 5 6 7 8 9 10 11 12 13 14 15 ;274;58;378;1515786;6;28770;2.90245;522244;BELA*;? Unchecked;v1.6.0-15-gb5144bf
n-puzzle;heavy-cost;23/9;9;5 7 0 11 12 1 9 10 15 6 2 3 8 4 13 14 ;0 1 2 3 4 5 6 7 8 9 10 11 12 13 14 15 ;245;46;323;993712;7;28770;1.84853;537568;BELA*;? Unchecked;v1.6.0-15-gb5144bf
n-puzzle;heavy-cost;24/9;9;13 0 9 12 11 6 3 5 15 8 1 10 4 14 2 7 ;0 1 2 3 4 5 6 7 8 9 10 11 12 13 14 15 ;340;53;446;16178494;9;28770;33.2288;486882;BELA*;? Unchecked;v1.6.0-15-gb5144bf
n-puzzle;heavy-cost;25/9;9;3 14 13 6 4 15 8 9 5 12 10 0 2 7 1 11 ;0 1 2 3 4 5 6 7 8 9 10 11 12 13 14 15 ;327;57;399;373718;7;28770;0.643256;580979;BELA*;? Unchecked;v1.6.0-15-gb5144bf
n-puzzle;heavy-cost;26/9;9;4 7 14 13 10 3 9 12 11 5 6 15 1 2 8 0 ;0 1 2 3 4 5 6 7 8 9 10 11 12 13 14 15 ;344;64;438;3218456;5;28770;6.11612;526225;BELA*;? Unchecked;v1.6.0-15-gb5144bf
n-puzzle;heavy-cost;27/9;9;3 6 5 2 10 0 15 14 1 4 13 12 9 8 11 7 ;0 1 2 3 4 5 6 7 8 9 10 11 12 13 14 15 ;305;52;369;415457;9;28770;0.7308;568496;BELA*;? Unchecked;v1.6.0-15-gb5144bf
n-puzzle;heavy-cost;28/9;9;1 7 15 14 2 6 4 9 12 11 13 3 0 8 5 10 ;0 1 2 3 4 5 6 7 8 9 10 11 12 13 14 15 ;302;55;378;582221;8;28770;1.00452;579604;BELA*;? Unchecked;v1.6.0-15-gb5144bf
n-puzzle;heavy-cost;29/9;9;5 0 15 8 4 6 1 14 10 11 3 9 7 12 2 13 ;0 1 2 3 4 5 6 7 8 9 10 11 12 13 14 15 ;308;51;394;1010832;4;28770;1.77825;568443;BELA*;? Unchecked;v1.6.0-15-gb5144bf
n-puzzle;heavy-cost;30/9;9;13 5 4 10 9 12 8 14 2 3 7 1 0 15 11 6 ;0 1 2 3 4 5 6 7 8 9 10 11 12 13 14 15 ;327;61;391;1493097;4;28770;2.80128;533005;BELA*;? Unchecked;v1.6.0-15-gb5144bf
n-puzzle;heavy-cost;31/9;9;10 9 3 11 0 13 2 14 5 6 4 7 8 15 1 12 ;0 1 2 3 4 5 6 7 8 9 10 11 12 13 14 15 ;272;53;386;9271475;6;28770;19.6073;472858;BELA*;? Unchecked;v1.6.0-15-gb5144bf
n-puzzle;heavy-cost;32/9;9;6 12 11 3 13 7 9 15 2 14 8 10 4 1 5 0 ;0 1 2 3 4 5 6 7 8 9 10 11 12 13 14 15 ;288;60;402;5598727;6;28770;10.9146;512959;BELA*;? Unchecked;v1.6.0-15-gb5144bf
n-puzzle;heavy-cost;33/9;9;1 3 2 5 10 9 15 6 8 14 13 11 12 4 7 0 ;0 1 2 3 4 5 6 7 8 9 10 11 12 13 14 15 ;199;48;323;897154;7;28770;1.77715;504827;BELA*;? Unchecked;v1.6.0-15-gb5144bf
n-puzzle;heavy-cost;34/9;9;0 13 2 4 12 14 6 9 15 1 10 3 11 5 8 7 ;0 1 2 3 4 5 6 7 8 9 10 11 12 13 14 15 ;308;56;432;1194575;9;28770;2.01729;592168;BELA*;? Unchecked;v1.6.0-15-gb5144bf
n-puzzle;heavy-cost;35/9;9;7 8 3 2 10 12 4 6 11 13 5 15 0 1 9 14 ;0 1 2 3 4 5 6 7 8 9 10 11 12 13 14 15 ;243;49;315;68205;8;28770;0.102391;666122;BELA*;? Unchecked;v1.6.0-15-gb5144bf
n-puzzle;heavy-cost;36/9;9;9 0 4 10 1 14 15 3 12 6 5 7 11 13 8 2 ;0 1 2 3 4 5 6 7 8 9 10 11 12 13 14 15 ;278;55;380;761006;9;28770;1.42186;535218;BELA*;? Unchecked;v1.6.0-15-gb5144bf
n-puzzle;heavy-cost;37/9;9;6 11 7 8 13 2 5 4 1 10 3 9 14 0 12 15 ;0 1 2 3 4 5 6 7 8 9 10 11 12 13 14 15 ;268;54;362;5259251;7;28770;10.3117;510025;BELA*;? Unchecked;v1.6.0-15-gb5144bf
n-puzzle;heavy-cost;38/9;9;8 4 6 1 14 12 2 15 13 10 9 5 3 7 0 11 ;0 1 2 3 4 5 6 7 8 9 10 11 12 13 14 15 ;273;53;377;2599312;9;28770;4.97846;522112;BELA*;? Unchecked;v1.6.0-15-gb5144bf
n-puzzle;heavy-cost;39/9;9;4 6 12 0 14 2 9 13 11 8 3 15 7 10 1 5 ;0 1 2 3 4 5 6 7 8 9 10 11 12 13 14 15 ;350;65;466;14615385;7;28770;29.242;499809;BELA*;? Unchecked;v1.6.0-15-gb5144bf
n-puzzle;heavy-cost;00/10;10;0 1 9 7 11 13 5 3 14 12 4 2 8 6 10 15 ;0 1 2 3 4 5 6 7 8 9 10 11 12 13 14 15 ;232;50;316;44616;6;28770;0.0663495;672439;BELA*;? Unchecked;v1.6.0-15-gb5144bf
n-puzzle;heavy-cost;01/10;10;14 1 9 6 4 8 12 5 7 2 3 0 10 11 13 15 ;0 1 2 3 4 5 6 7 8 9 10 11 12 13 14 15 ;302;49;344;45678;9;28770;0.063983;713909;BELA*;? Unchecked;v1.6.0-15-gb5144bf
n-puzzle;heavy-cost;02/10;10;4 5 7 2 9 14 12 13 0 3 6 11 8 1 15 10 ;0 1 2 3 4 5 6 7 8 9 10 11 12 13 14 15 ;249;44;315;20565;9;28770;0.0258965;794124;BELA*;? Unchecked;v1.6.0-15-gb5144bf
n-puzzle;heavy-cost;03/10;10;13 8 14 3 9 1 0 7 15 5 4 10 12 2 6 11 ;0 1 2 3 4 5 6 7 8 9 10 11 12 13 14 15 ;255;43;327;175282;7;28770;0.30073;582855;BELA*;? Unchecked;v1.6.0-15-gb5144bf
n-puzzle;heavy-cost;04/10;10;9 14 5 7 8 15 1 2 10 4 13 6 12 0 11 3 ;0 1 2 3 4 5 6 7 8 9 10 11 12 13 14 15 ;271;46;327;119433;6;28770;0.179551;665175;BELA*;? Unchecked;v1.6.0-15-gb5144bf
n-puzzle;heavy-cost;05/10;10;7 11 8 3 14 0 6 15 1 4 13 9 5 12 2 10 ;0 1 2 3 4 5 6 7 8 9 10 11 12 13 14 15 ;298;48;370;1275237;7;28770;2.3076;552624;BELA*;? Unchecked;v1.6.0-15-gb5144bf
n-puzzle;heavy-cost;06/10;10;5 7 11 8 0 14 9 13 10 12 3 15 6 1 4 2 ;0 1 2 3 4 5 6 7 8 9 10 11 12 13 14 15 ;335;55;385;103775;7;28770;0.14793;701516;BELA*;? Unchecked;v1.6.0-15-gb5144bf
n-puzzle;heavy-cost;07/10;10;6 10 1 14 15 8 3 5 13 0 2 7 4 9 11 12 ;0 1 2 3 4 5 6 7 8 9 10 11 12 13 14 15 ;324;51;410;3499175;9;28770;6.73386;519639;BELA*;? Unchecked;v1.6.0-15-gb5144bf
n-puzzle;heavy-cost;08/10;10;13 9 14 6 12 8 1 2 3 4 0 7 5 10 11 15 ;0 1 2 3 4 5 6 7 8 9 10 11 12 13 14 15 ;257;48;355;5460583;10;28770;10.7988;505665;BELA*;? Unchecked;v1.6.0-15-gb5144bf
n-puzzle;heavy-cost;09/10;10;3 14 9 11 5 4 8 2 13 12 6 7 10 1 15 0 ;0 1 2 3 4 5 6 7 8 9 10 11 12 13 14 15 ;262;48;326;124886;10;28770;0.198427;629379;BELA*;? Unchecked;v1.6.0-15-gb5144bf
n-puzzle;heavy-cost;10/10;10;14 13 4 11 15 8 6 9 0 7 3 1 2 10 12 5 ;0 1 2 3 4 5 6 7 8 9 10 11 12 13 14 15 ;369;60;467;19335204;10;28770;39.2258;492921;BELA*;? Unchecked;v1.6.0-15-gb5144bf
n-puzzle;heavy-cost;11/10;10;8 11 4 6 7 3 10 9 2 12 15 13 0 1 5 14 ;0 1 2 3 4 5 6 7 8 9 10 11 12 13 14 15 ;284;51;350;445007;5;28770;0.770274;577725;BELA*;? Unchecked;v1.6.0-15-gb5144bf
n-puzzle;heavy-cost;12/10;10;12 15 2 6 1 14 4 8 5 3 7 0 10 13 9 11 ;0 1 2 3 4 5 6 7 8 9 10 11 12 13 14 15 ;302;49;388;2538931;6;28770;4.70052;540138;BELA*;? Unchecked;v1.6.0-15-gb5144bf
n-puzzle;heavy-cost;13/10;10;6 0 5 10 11 12 9 2 1 7 4 3 14 8 13 15 ;0 1 2 3 4 5 6 7 8 9 10 11 12 13 14 15 ;259;47;327;551628;5;28770;0.95057;580313;BELA*;? Unchecked;v1.6.0-15-gb5144bf
n-puzzle;heavy-cost;14/10;10;12 8 15 13 1 0 5 4 6 3 2 11 9 7 14 10 ;0 1 2 3 4 5 6 7 8 9 10 11 12 13 14 15 ;304;52;402;16405516;6;28770;35.4243;463115;BELA*;? Unchecked;v1.6.0-15-gb5144bf
n-puzzle;heavy-cost;15/10;10;4 7 13 10 1 2 9 6 12 8 14 5 3 0 11 15 ;0 1 2 3 4 5 6 7 8 9 10 11 12 13 14 15 ;226;50;318;419203;7;28770;0.743213;564042;BELA*;? Unchecked;v1.6.0-15-gb5144bf
n-puzzle;heavy-cost;16/10;10;6 14 10 5 15 8 7 1 3 4 2 0 12 9 11 13 ;0 1 2 3 4 5 6 7 8 9 10 11 12 13 14 15 ;294;51;352;130563;9;28770;0.19528;668594;BELA*;? Unchecked;v1.6.0-15-gb5144bf
n-puzzle;heavy-cost;17/10;10;13 14 6 12 4 5 1 0 9 3 10 2 15 11 8 7 ;0 1 2 3 4 5 6 7 8 9 10 11 12 13 14 15 ;331;54;429;3091122;7;28770;5.833;529937;BELA*;? Unchecked;v1.6.0-15-gb5144bf
n-puzzle;heavy-cost;18/10;10;3 14 9 7 12 15 0 4 1 8 5 6 11 10 2 13 ;0 1 2 3 4 5 6 7 8 9 10 11 12 13 14 15 ;324;55;396;902961;7;28770;1.58483;569752;BELA*;? Unchecked;v1.6.0-15-gb5144bf
n-puzzle;heavy-cost;19/10;10;6 13 3 2 11 9 5 10 1 7 12 14 8 4 0 15 ;0 1 2 3 4 5 6 7 8 9 10 11 12 13 14 15 ;248;49;320;80599;8;28770;0.120524;668738;BELA*;? Unchecked;v1.6.0-15-gb5144bf
n-puzzle;heavy-cost;20/10;10;4 3 6 13 7 15 9 0 10 5 8 11 2 12 1 14 ;0 1 2 3 4 5 6 7 8 9 10 11 12 13 14 15 ;261;52;375;711687;7;28770;1.1966;594755;BELA*;? Unchecked;v1.6.0-15-gb5144bf
n-puzzle;heavy-cost;21/10;10;5 4 7 1 11 12 14 15 10 13 8 6 2 0 9 3 ;0 1 2 3 4 5 6 7 8 9 10 11 12 13 14 15 ;270;52;398;1321698;6;28770;2.35623;560937;BELA*;? Unchecked;v1.6.0-15-gb5144bf
n-puzzle;heavy-cost;22/10;10;5 11 6 9 4 13 12 0 8 2 15 10 1 7 3 14 ;0 1 2 3 4 5 6 7 8 9 10 11 12 13 14 15 ;274;58;378;1515786;6;28770;2.89579;523445;BELA*;? Unchecked;v1.6.0-15-gb5144bf
n-puzzle;heavy-cost;23/10;10;5 7 0 11 12 1 9 10 15 6 2 3 8 4 13 14 ;0 1 2 3 4 5 6 7 8 9 10 11 12 13 14 15 ;245;52;323;993712;7;28770;1.8416;539592;BELA*;? Unchecked;v1.6.0-15-gb5144bf
n-puzzle;heavy-cost;24/10;10;13 0 9 12 11 6 3 5 15 8 1 10 4 14 2 7 ;0 1 2 3 4 5 6 7 8 9 10 11 12 13 14 15 ;340;57;446;16523173;10;28770;33.6801;490591;BELA*;? Unchecked;v1.6.0-15-gb5144bf
n-puzzle;heavy-cost;25/10;10;3 14 13 6 4 15 8 9 5 12 10 0 2 7 1 11 ;0 1 2 3 4 5 6 7 8 9 10 11 12 13 14 15 ;327;57;399;373718;8;28770;0.639138;584722;BELA*;? Unchecked;v1.6.0-15-gb5144bf
n-puzzle;heavy-cost;26/10;10;4 7 14 13 10 3 9 12 11 5 6 15 1 2 8 0 ;0 1 2 3 4 5 6 7 8 9 10 11 12 13 14 15 ;344;64;438;3218456;5;28770;6.11774;526086;BELA*;? Unchecked;v1.6.0-15-gb5144bf
n-puzzle;heavy-cost;27/10;10;3 6 5 2 10 0 15 14 1 4 13 12 9 8 11 7 ;0 1 2 3 4 5 6 7 8 9 10 11 12 13 14 15 ;305;54;369;415457;10;28770;0.734823;565384;BELA*;? Unchecked;v1.6.0-15-gb5144bf
n-puzzle;heavy-cost;28/10;10;1 7 15 14 2 6 4 9 12 11 13 3 0 8 5 10 ;0 1 2 3 4 5 6 7 8 9 10 11 12 13 14 15 ;302;55;378;582221;9;28770;0.996053;584528;BELA*;? Unchecked;v1.6.0-15-gb5144bf
n-puzzle;heavy-cost;29/10;10;5 0 15 8 4 6 1 14 10 11 3 9 7 12 2 13 ;0 1 2 3 4 5 6 7 8 9 10 11 12 13 14 15 ;308;51;394;1010832;4;28770;1.78354;566755;BELA*;? Unchecked;v1.6.0-15-gb5144bf
n-puzzle;heavy-cost;30/10;10;13 5 4 10 9 12 8 14 2 3 7 1 0 15 11 6 ;0 1 2 3 4 5 6 7 8 9 10 11 12 13 14 15 ;327;61;391;1493097;5;28770;2.79531;534144;BELA*;? Unchecked;v1.6.0-15-gb5144bf
n-puzzle;heavy-cost;31/10;10;10 9 3 11 0 13 2 14 5 6 4 7 8 15 1 12 ;0 1 2 3 4 5 6 7 8 9 10 11 12 13 14 15 ;272;53;386;9271475;7;28770;19.5848;473402;BELA*;? Unchecked;v1.6.0-15-gb5144bf
n-puzzle;heavy-cost;32/10;10;6 12 11 3 13 7 9 15 2 14 8 10 4 1 5 0 ;0 1 2 3 4 5 6 7 8 9 10 11 12 13 14 15 ;288;60;402;5598727;6;28770;10.9679;510466;BELA*;? Unchecked;v1.6.0-15-gb5144bf
n-puzzle;heavy-cost;33/10;10;1 3 2 5 10 9 15 6 8 14 13 11 12 4 7 0 ;0 1 2 3 4 5 6 7 8 9 10 11 12 13 14 15 ;199;48;323;897154;8;28770;1.82479;491648;BELA*;? Unchecked;v1.6.0-15-gb5144bf
n-puzzle;heavy-cost;34/10;10;0 13 2 4 12 14 6 9 15 1 10 3 11 5 8 7 ;0 1 2 3 4 5 6 7 8 9 10 11 12 13 14 15 ;308;56;432;1194575;10;28770;2.03788;586187;BELA*;? Unchecked;v1.6.0-15-gb5144bf
n-puzzle;heavy-cost;35/10;10;7 8 3 2 10 12 4 6 11 13 5 15 0 1 9 14 ;0 1 2 3 4 5 6 7 8 9 10 11 12 13 14 15 ;243;49;315;68205;9;28770;0.104161;654801;BELA*;? Unchecked;v1.6.0-15-gb5144bf
n-puzzle;heavy-cost;36/10;10;9 0 4 10 1 14 15 3 12 6 5 7 11 13 8 2 ;0 1 2 3 4 5 6 7 8 9 10 11 12 13 14 15 ;278;55;382;915161;10;28770;1.68166;544202;BELA*;? Unchecked;v1.6.0-15-gb5144bf
n-puzzle;heavy-cost;37/10;10;6 11 7 8 13 2 5 4 1 10 3 9 14 0 12 15 ;0 1 2 3 4 5 6 7 8 9 10 11 12 13 14 15 ;268;54;362;5259251;8;28770;10.4537;503099;BELA*;? Unchecked;v1.6.0-15-gb5144bf
n-puzzle;heavy-cost;38/10;10;8 4 6 1 14 12 2 15 13 10 9 5 3 7 0 11 ;0 1 2 3 4 5 6 7 8 9 10 11 12 13 14 15 ;273;53;377;2599312;10;28770;5.01996;517796;BELA*;? Unchecked;v1.6.0-15-gb5144bf
n-puzzle;heavy-cost;39/10;10;4 6 12 0 14 2 9 13 11 8 3 15 7 10 1 5 ;0 1 2 3 4 5 6 7 8 9 10 11 12 13 14 15 ;350;65;466;14615385;7;28770;29.5986;493787;BELA*;? Unchecked;v1.6.0-15-gb5144bf
